method,h,lp_norm,inside_cells,inside_cells_by_dim,all_err,full_err,cut_err,empty_err,pair_order_all,pair_order_full,pair_order_cut
JohansenColella_P1_Neumann,0.0625,L^1,183,"[10, 10]",0.02387267004537821,0.02337875243760831,0.0004939176077699069,0.0,NaN,NaN,NaN
JohansenColella_P1_Neumann,0.03125,L^1,778,"[20, 20]",0.02394159116236508,0.023724630028042797,0.0002169611343222822,0.0,-0.004159103164725064,-0.021187644159414307,1.186833774218702
JohansenColella_P1_Neumann,0.015625,L^1,3190,"[39, 39]",0.026460487311361212,0.026359639599405977,0.00010084771195524373,0.0,-0.14432059411821963,-0.15194505589666815,1.1052582740579289
JohansenColella_P1_Neumann,0.0078125,L^1,12938,"[77, 77]",0.028496097581552145,0.028448820002028863,4.7277579523255564e-5,0.0,-0.10692473054857116,-0.110038168459487,1.0929502716250763
JohansenColella_P1_Neumann,0.00390625,L^1,52072,"[154, 154]",0.029729869494723223,0.02970569450770237,2.417498702090549e-5,0.0,-0.061148768356703104,-0.0623707048073269,0.9676410604030388
JohansenColella_P1_Neumann,0.001953125,L^1,208958,"[308, 308]",0.030403239460764862,0.030391369849718523,1.1869611046320746e-5,0.0,-0.032311920548936716,-0.03292218525920548,1.0262424548708864
