method,h,lp_norm,inside_cells,inside_cells_by_dim,all_err,full_err,cut_err,empty_err,pair_order_all,pair_order_full,pair_order_cut,trunc_max_all,trunc_max_full,trunc_max_cut,trunc_pair_order_max_all,trunc_pair_order_max_full,trunc_pair_order_max_cut
JohansenColella_P1,0.025,L^1,411,"[36, 36]",4.4483818296680356e-5,2.4270004650932366e-5,2.0213813645747987e-5,0.0,NaN,NaN,NaN,0.3384883279419301,0.09400733817683107,0.3384883279419301,NaN,NaN,NaN
JohansenColella_P1,0.0125,L^1,1825,"[72, 72]",1.3386642597132164e-5,8.383779216187689e-6,5.002863380944503e-6,0.0,1.7324864534514663,1.5335017553240702,2.0145155733113125,0.6091846747279179,0.03949612884265174,0.6091846747279179,-0.847773562017448,1.2510621209085866,-0.847773562017448
JohansenColella_P1,0.00625,L^1,7723,"[144, 144]",3.513121750623632e-6,2.415603873691874e-6,1.0975178769317482e-6,0.0,1.9299686940385166,1.7952168329019698,2.1885096161979845,0.8971938345450006,0.03200991788866149,0.8971938345450006,-0.5585400579847987,0.303192280390334,-0.5585400579847987
JohansenColella_P1,0.003125,L^1,31691,"[288, 288]",9.609246401359911e-7,6.701484785859614e-7,2.907761615500266e-7,0.0,1.8702583772485497,1.8498312109535913,1.9162635353044501,0.392498387311384,0.03453311097559932,0.392498387311384,1.1927329800528188,-0.1094613316380481,1.1927329800528188
JohansenColella_P1,0.0015625,L^1,128577,"[576, 576]",2.6540851283548677e-7,1.9444141654366e-7,7.096709629182832e-8,0.0,1.85620864793527,1.785145225959763,2.034686815913323,1.9224479388256408,0.03332958087888281,1.9224479388256408,-2.292185898154802,0.05117713214643115,-2.292185898154802
