method,h,lp_norm,inside_cells,inside_cells_by_dim,all_err,full_err,cut_err,empty_err,pair_order_all,pair_order_full,pair_order_cut
JohansenColella_Moving_Dirichlet,0.5,L^2,0,"[1, 1]",NaN,NaN,NaN,NaN,NaN,NaN,NaN
JohansenColella_Moving_Dirichlet,0.2222222222222222,L^2,0,"[2, 2]",0.004508953696746707,0.0,0.004508953696746707,0.0,NaN,NaN,NaN
JohansenColella_Moving_Dirichlet,0.125,L^2,2,"[4, 4]",0.0019737671996163694,0.0008410454536035641,0.0017856090006645408,0.0,1.4358230989861644,NaN,1.6099466826889028
JohansenColella_Moving_Dirichlet,0.06060606060606061,L^2,33,"[7, 7]",0.000562586341243934,0.0004052802718810028,0.00039019391663414835,0.0,1.7338333993495305,1.008492677553332,2.100886028612109
JohansenColella_Moving_Dirichlet,0.031746031746031744,L^2,151,"[12, 12]",0.00015938290056481165,0.00011459404277681102,0.00011077506196125126,0.0,1.950482750187114,1.9534951598696335,1.947246001342732
JohansenColella_Moving_Dirichlet,0.015748031496062992,L^2,719,"[24, 24]",4.952694639407548e-5,3.620038053410067e-5,3.3800160773403564e-5,0.0,1.667197288499159,1.6437091650340045,1.6932203426686891
