method,h,lp_norm,inside_cells,inside_cells_by_dim,all_err,full_err,cut_err,empty_err,pair_order_all,pair_order_full,pair_order_cut
JohansenColella_Moving_Dirichlet,0.5,L^2,0,"[1, 1]",NaN,NaN,NaN,NaN,NaN,NaN,NaN
JohansenColella_Moving_Dirichlet,0.2222222222222222,L^2,0,"[2, 2]",0.002114456512118754,0.0,0.002114456512118754,0.0,NaN,NaN,NaN
JohansenColella_Moving_Dirichlet,0.125,L^2,2,"[4, 4]",0.0017645756788149203,0.00039261715618771115,0.0017203427260090388,0.0,0.31438795749456916,NaN,0.3585108365798596
JohansenColella_Moving_Dirichlet,0.06060606060606061,L^2,33,"[7, 7]",0.00024180037237862538,0.00020122930090927998,0.00013406785050117104,0.0,2.745546801596432,0.9232940009078924,3.525164220297699
JohansenColella_Moving_Dirichlet,0.031746031746031744,L^2,151,"[12, 12]",7.7184711357751e-5,6.261489832376488e-5,4.5131520861632036e-5,0.0,1.7659497499278323,1.8054326813455626,1.6837602331606962
JohansenColella_Moving_Dirichlet,0.015748031496062992,L^2,719,"[24, 24]",2.1746454275057748e-5,1.6616225947480735e-5,1.4028874110185941e-5,0.0,1.8069273391805336,1.8923316332423143,1.6667275331265081
JohansenColella_Moving_Dirichlet,0.0078125,L^2,3131,"[49, 49]",6.5323712457044825e-6,4.32204612271124e-6,4.898141627685286e-6,0.0,1.7156879552379376,1.9210688700909122,1.5011073356304039
