method,h,lp_norm,inside_cells,inside_cells_by_dim,all_err,full_err,cut_err,empty_err,pair_order_all,pair_order_full,pair_order_cut
JohansenColella_Moving_Dirichlet,0.5,L^2,0,"[1, 1]",NaN,NaN,NaN,NaN,NaN,NaN,NaN
JohansenColella_Moving_Dirichlet,0.2222222222222222,L^2,0,"[2, 2]",0.004234269197140641,0.004234269197140641,0.004234269197140641,0.0,NaN,NaN,NaN
JohansenColella_Moving_Dirichlet,0.125,L^2,2,"[4, 4]",0.0017621068095749182,0.0007033206835263333,0.0016156609868639982,0.0,1.523731734536468,NaN,1.6745336085928204
JohansenColella_Moving_Dirichlet,0.06060606060606061,L^2,33,"[7, 7]",0.0005242801960774321,0.00038977006769761347,0.00035064086802024167,0.0,1.6745511935879365,0.8153620611812813,2.1103704134981376
