method,h,lp_norm,inside_cells,inside_cells_by_dim,all_err,full_err,cut_err,empty_err
JohansenColella_P2,0.0625,L^2,35,"[15, 15]",0.0034564294225876376,0.001298338639841296,0.0032033140853847853,0.0
JohansenColella_P2,0.03125,L^2,235,"[29, 29]",0.00015334258128101757,0.0001246479152532113,8.931318187677409e-5,0.0
JohansenColella_P2,0.015625,L^2,1143,"[58, 58]",0.00011594653876301829,0.00011144659494578155,3.1988377985059084e-5,0.0
JohansenColella_P2,0.0078125,L^2,4867,"[116, 116]",0.0001082216489538116,0.00010762247459676806,1.1372258524587025e-5,0.0
