method,h,lp_norm,inside_cells,inside_cells_by_dim,all_err,full_err,cut_err,empty_err
JohansenColella_P4,0.125,L^2,57,"[7, 7, 7]",0.04293360325465857,0.021002395995349272,0.03744587628675508,0.0
JohansenColella_P4,0.0625,L^2,739,"[13, 13, 13]",0.0009346574264850459,0.0006228958052062967,0.0006968395229463148,0.0
JohansenColella_P4,0.03125,L^2,6841,"[26, 26, 26]",0.00031180045714305235,0.00017055223410559575,0.0002610200385338386,0.0
JohansenColella_P4,0.015625,L^2,60453,"[51, 51, 51]",0.00010505186829392543,4.885970608102683e-5,9.29979792991217e-5,0.0
