method,h,lp_norm,inside_cells,inside_cells_by_dim,all_err,full_err,cut_err,empty_err,pair_order_all,pair_order_full,pair_order_cut
JohansenColella_P1,0.0625,L^2,39,"[15, 15]",0.00372574312010954,0.0012364343726929655,0.003514596966803865,0.0,NaN,NaN,NaN
JohansenColella_P1,0.03125,L^2,228,"[29, 29]",0.0014981341030388731,0.0010668297589774957,0.0010517984864260401,0.0,1.3143614377172128,0.21285569235710441,1.7405009332019021
JohansenColella_P1,0.015625,L^2,1138,"[58, 58]",3.0976605769723604e-5,1.5040557006045529e-5,2.7080098780483957e-5,0.0,5.5958438889166136,6.1483281677899475,5.279481514157081
JohansenColella_P1,0.0078125,L^2,4868,"[116, 116]",1.1390253524684664e-5,4.8210733734959015e-6,1.0319647614330632e-5,0.0,1.4433792119733335,1.6414317043404252,1.391839293660819
JohansenColella_P1,0.00390625,L^2,20166,"[231, 231]",3.958398894914805e-6,1.3985992231090202e-6,3.7030854735452147e-6,0.0,1.5248109511875108,1.7853717778343936,1.4785939529269774
JohansenColella_P1,0.001953125,L^2,82018,"[461, 461]",1.3274104035940796e-6,4.0538066929120245e-7,1.2639956062165756e-6,0.0,1.5763025161364743,1.7866334087392093,1.5507364012004619
