method,h,lp_norm,inside_cells,inside_cells_by_dim,all_err,full_err,cut_err,empty_err,pair_order_all,pair_order_full,pair_order_cut
Poisson2D_MMS_Convergence,0.125,L^2,64,"[8, 8]",0.007418007097193848,0.007418007097193848,0.0,0.0,NaN,NaN,NaN
Poisson2D_MMS_Convergence,0.0625,L^2,256,"[16, 16]",0.001717237604698948,0.001717237604698948,0.0,0.0,2.1109419772336118,2.1109419772336118,NaN
Poisson2D_MMS_Convergence,0.03125,L^2,1024,"[32, 32]",0.0004147628771078041,0.0004147628771078041,0.0,0.0,2.0497309926900202,2.0497309926900202,NaN
Poisson2D_MMS_Convergence,0.015625,L^2,4096,"[64, 64]",0.00010200512200389113,0.00010200512200389113,0.0,0.0,2.023645176752352,2.023645176752352,NaN
Poisson2D_MMS_Convergence,0.0078125,L^2,16384,"[128, 128]",2.5298111408745423e-5,2.5298111408745423e-5,0.0,0.0,2.011540004462063,2.011540004462063,NaN
