method,h,lp_norm,inside_cells,inside_cells_by_dim,all_err,full_err,cut_err,empty_err,pair_order_all,pair_order_full,pair_order_cut
Scalar_1D_Diffusion_Heat_Robin,2.5,L^2,4,[1],0.5189433943647674,0.5189433943647674,0.0,0.0,NaN,NaN,NaN
Scalar_1D_Diffusion_Heat_Robin,1.25,L^2,8,[2],0.1928594852585206,0.1928594852585206,0.0,0.0,1.4280270773015145,1.4280270773015145,NaN
Scalar_1D_Diffusion_Heat_Robin,0.625,L^2,15,[4],0.0288905072234158,0.022483186708957766,0.018142979993275233,0.0,2.738882664389296,3.1006316636206783,NaN
Scalar_1D_Diffusion_Heat_Robin,0.3125,L^2,30,[7],0.010025936458813627,0.009944502768554063,0.0012752515682754213,0.0,1.5268585372401835,1.1768753916219026,3.830557658648181
Scalar_1D_Diffusion_Heat_Robin,0.15625,L^2,61,[13],0.0018466675881315987,0.0018449458603087482,7.972423461776806e-5,0.0,2.4407408953673984,2.43032075598282,3.99961972256792
Scalar_1D_Diffusion_Heat_Robin,0.078125,L^2,121,[26],0.0006370081669094244,0.0006360463472179722,3.499212625691391e-5,0.0,1.5355404213252586,1.5363746809277237,1.1879880111651737
