method,h,lp_norm,inside_cells,inside_cells_by_dim,all_err,full_err,cut_err,empty_err,pair_order_all,pair_order_full,pair_order_cut
Scalar_2D_Diffusion_Heat_Moving,1.0,L^2,5,"[4, 4]",1.7195940392903009,1.584597532960963,0.6678729808105449,0.0,NaN,NaN,NaN
Scalar_2D_Diffusion_Heat_Moving,0.5,L^2,21,"[7, 7]",0.3289348092369646,0.22470437133918697,0.24022084470091076,0.0,2.3861944212619517,2.818016365517851,1.47521240677763
Scalar_2D_Diffusion_Heat_Moving,0.25,L^2,97,"[13, 13]",0.157871091979741,0.14707341200971766,0.057381993366348694,0.0,1.0590546669286487,0.6114917314193475,2.0656913523565055
Scalar_2D_Diffusion_Heat_Moving,0.125,L^2,449,"[26, 26]",0.0432050387740299,0.04044961738000678,0.015182352560669911,0.0,1.8694755400897416,1.8623384980496465,1.9182027271768851
Scalar_2D_Diffusion_Heat_Moving,0.0625,L^2,1925,"[51, 51]",0.016647299729198813,0.01645910219929537,0.002496105580085359,0.0,1.3759113917451562,1.2972404133270519,2.6046444953021535
Scalar_2D_Diffusion_Heat_Moving,0.03125,L^2,7909,"[102, 102]",0.00570675246467096,0.005684465677687369,0.0005038587621768271,0.0,1.544546292972396,1.5337889909875815,2.3085876681966786
