method,h,lp_norm,inside_cells,inside_cells_by_dim,all_err,full_err,cut_err,empty_err
Scalar_1D_Diffusion_Heat_Dirichlet,0.5,L^2,1,[1],0.028685621936327843,0.028685621936327843,0.0,0.0
Scalar_1D_Diffusion_Heat_Dirichlet,0.25,L^2,1,[2],0.1052025697840395,0.07849495258504915,0.07004372282964823,0.0
Scalar_1D_Diffusion_Heat_Dirichlet,0.125,L^2,3,[4],0.0018326922319564323,0.001803926626655725,0.0003234339850973387,0.0
Scalar_1D_Diffusion_Heat_Dirichlet,0.0625,L^2,7,[8],0.001257059750386052,0.0012552672926033517,6.710618571260361e-5,0.0
Scalar_1D_Diffusion_Heat_Dirichlet,0.03125,L^2,15,[16],0.00013817840503238237,0.00013814934989739893,2.8335031708395667e-6,0.0
