method,h,lp_norm,inside_cells,inside_cells_by_dim,all_err,full_err,cut_err,empty_err,pair_order_all,pair_order_full,pair_order_cut
Scalar_1D_Diffusion_Heat_Robin_Linf,2.5,L^Inf,4,[1],0.5976308752346664,0.5976308752346664,0.0,0.11169568464391014,NaN,NaN,NaN
Scalar_1D_Diffusion_Heat_Robin_Linf,1.25,L^Inf,8,[2],0.2718184242711429,0.2718184242711429,0.0,0.11169568464391014,1.136611436088027,1.136611436088027,NaN
Scalar_1D_Diffusion_Heat_Robin_Linf,0.625,L^Inf,15,[4],0.08687783457534481,0.062371161637267136,0.08687783457534481,0.11169568464391014,1.6455831978914877,2.1236922136269776,NaN
Scalar_1D_Diffusion_Heat_Robin_Linf,0.3125,L^Inf,30,[7],0.015512748968369627,0.015512748968369627,0.007604842945795054,0.1860780246189437,2.4855337797552477,2.007424764019758,3.513997785481735
Scalar_1D_Diffusion_Heat_Robin_Linf,0.15625,L^Inf,61,[13],0.002821688654309651,0.002821688654309651,0.0012842150767562732,0.1860780246189437,2.4588236501802165,2.4588236501802165,2.5660316126777833
Scalar_1D_Diffusion_Heat_Robin_Linf,0.078125,L^Inf,121,[26],0.0012469464116222628,0.0012469464116222628,0.00039198303643422916,0.22272606464418207,1.178159343767212,1.178159343767212,1.712023714897174
