method,h,lp_norm,inside_cells,inside_cells_by_dim,all_err,full_err,cut_err,empty_err,pair_order_all,pair_order_full,pair_order_cut
Scalar_2D_Diffusion_Heat_Moving,1.0,L^2,1,"[3, 3]",1.2043511440178025,1.069361654476433,0.5540102255666547,0.0,NaN,NaN,NaN
Scalar_2D_Diffusion_Heat_Moving,0.5,L^2,5,"[5, 5]",0.13337897406877397,0.09551553309301933,0.0930952934449159,0.0,3.174652927308993,3.4848706712281325,2.5731324674693714
Scalar_2D_Diffusion_Heat_Moving,0.25,L^2,37,"[9, 9]",0.054702337059558695,0.04916405214911998,0.023984195964346606,0.0,1.2858568812320892,0.9581315397445459,1.9566241562061553
Scalar_2D_Diffusion_Heat_Moving,0.125,L^2,185,"[17, 17]",0.023715563164441514,0.02325343559556227,0.004658934342706808,0.0,1.205768342947416,1.0801599449586703,2.364012171943097
Scalar_2D_Diffusion_Heat_Moving,0.0625,L^2,813,"[34, 34]",0.010861152077498994,0.010717175123506945,0.0017626065422108909,0.0,1.1266569853693937,1.1175191994920632,1.4022895339766857
Scalar_2D_Diffusion_Heat_Moving,0.03125,L^2,3425,"[68, 68]",0.00533052225738734,0.005303046439092902,0.0005405238212381423,0.0,1.026828349659433,1.0150313970796336,1.705280360055447
