h,mean_all_err,mean_full_err,mean_cut_err,mean_empty_err,samples
1.0,0.19611365107636808,0.08012284754436978,0.17827603201590636,0.0,25
0.5,0.1108157301352771,0.06940313492770661,0.08580862020942105,0.0,25
0.25,0.03456763002004417,0.027634855326697197,0.02071004127409045,0.0,25
0.125,0.007871156719642076,0.006838711847366893,0.003892317816247034,0.0,25
0.0625,0.0022570623234735563,0.0020612325146851804,0.0009180987280809871,0.0,25
