method,h,lp_norm,inside_cells,inside_cells_by_dim,all_err,full_err,cut_err,empty_err,pair_order_all,pair_order_full,pair_order_cut
Scalar_2D_Diffusion_Heat_Moving_CFL_0p125,1.0,L^2,5,"[4, 4]",0.9075069907258522,0.6767020701461086,0.6046844189130912,0.0,NaN,NaN,NaN
Scalar_2D_Diffusion_Heat_Moving_CFL_0p125,0.5,L^2,21,"[7, 7]",0.18135837106978803,0.09108466942153196,0.1568261513697801,0.0,2.3230654183415433,2.8932406442974186,1.9470162505929276
Scalar_2D_Diffusion_Heat_Moving_CFL_0p125,0.25,L^2,97,"[13, 13]",0.10501562445080408,0.07307902664299465,0.07541708853903605,0.0,0.7882393470702072,0.3177508340987229,1.056202792788317
Scalar_2D_Diffusion_Heat_Moving_CFL_0p125,0.125,L^2,449,"[26, 26]",0.03577932531024785,0.03254520293673496,0.014865055851334049,0.0,1.5534059032382024,1.1670125082641165,2.342966572830475
Scalar_2D_Diffusion_Heat_Moving_CFL_0p125,0.0625,L^2,1925,"[51, 51]",0.013466025920292533,0.012708862017027846,0.0044518176420578455,0.0,1.4098020358472245,1.3566100565894108,1.7394584812932208
Scalar_2D_Diffusion_Heat_Moving_CFL_0p125,0.03125,L^2,7909,"[102, 102]",0.005802149663358129,0.005735121140845265,0.0008793896837219168,0.0,1.214664732260276,1.1479389884501214,2.3398199841290674
