method,h,lp_norm,inside_cells,inside_cells_by_dim,all_err,full_err,cut_err,empty_err
Scalar_2D_Diffusion_Heat_Robin_CN,0.02,L^2,12637,"[128, 128]",0.027207044688572744,0.027122652867519442,0.002141257134029809,0.0
Scalar_2D_Diffusion_Heat_Robin_CN,0.01,L^2,12637,"[128, 128]",0.027074697101385176,0.02689670810584305,0.0030994057818929223,0.0
Scalar_2D_Diffusion_Heat_Robin_CN,0.005,L^2,12637,"[128, 128]",0.0068992933401713485,0.006805312108563075,0.001134890170358991,0.0
Scalar_2D_Diffusion_Heat_Robin_CN,0.0025,L^2,12637,"[128, 128]",0.0034592756231821083,0.0034203884509580716,0.00051723368190266,0.0
