method,h,lp_norm,inside_cells,inside_cells_by_dim,all_err,full_err,cut_err,empty_err,pair_order_all,pair_order_full,pair_order_cut
Scalar_1D_Diffusion_Heat_Dirichlet,0.5,L^2,1,[1],0.052354260989582284,0.052354260989582284,0.0,0.0,NaN,NaN,NaN
Scalar_1D_Diffusion_Heat_Dirichlet,0.25,L^2,1,[2],0.15172507727460763,0.1117995774527086,0.10257364942021643,0.0,-1.535080690804619,-1.0945358709280684,NaN
Scalar_1D_Diffusion_Heat_Dirichlet,0.125,L^2,3,[4],0.0008877068312600657,0.0008647647901846125,0.00020051253308147536,0.0,7.417160540641349,7.0143912367673895,8.998752027676755
Scalar_1D_Diffusion_Heat_Dirichlet,0.0625,L^2,7,[8],0.00024608560588224054,0.00024543021855099917,1.7948070772041024e-5,0.0,1.8509230257272005,1.8169948919084935,3.4817917324579364
Scalar_1D_Diffusion_Heat_Dirichlet,0.03125,L^2,15,[16],7.18424949539412e-5,7.182274995210659e-5,1.684241824750633e-6,0.0,1.7762509155541806,1.7728000943677338,3.4136575762446846
Scalar_1D_Diffusion_Heat_Dirichlet,0.015625,L^2,31,[32],1.9682517940008444e-5,1.968189945163262e-5,1.5603344057543597e-7,0.0,1.8679226598212646,1.8675714336806268,3.432172135543302
Scalar_1D_Diffusion_Heat_Dirichlet,0.0078125,L^2,63,[64],5.160164648603811e-6,5.160145196739253e-6,1.4168601529713793e-8,0.0,1.931425788727922,1.9313858922947658,3.461085982486268
Scalar_1D_Diffusion_Heat_Dirichlet,0.00390625,L^2,127,[128],1.321394583570981e-6,1.3213939729928091e-6,1.270286977705118e-9,0.0,1.9653557631594154,1.9653509913635268,3.479471001981372
