method,h,lp_norm,inside_cells,inside_cells_by_dim,all_err,full_err,cut_err,empty_err,pair_order_all,pair_order_full,pair_order_cut
Scalar_2D_Diffusion_Heat_Dirichlet,1.0,L^2,1,"[2, 2]",0.46687036400502774,0.1500807513201601,0.4420901546849504,0.0,NaN,NaN,NaN
Scalar_2D_Diffusion_Heat_Dirichlet,0.5,L^2,5,"[4, 4]",0.2334089017125081,0.1898801402052846,0.13573963221646343,0.0,1.000162428722681,-0.3393500648811901,1.7034985966456608
Scalar_2D_Diffusion_Heat_Dirichlet,0.25,L^2,37,"[8, 8]",0.12269041116114729,0.12100356714572533,0.020274953240422396,0.0,0.927837083443027,0.6500394418431835,2.7430715169818245
Scalar_2D_Diffusion_Heat_Dirichlet,0.125,L^2,173,"[16, 16]",0.023368116707194075,0.02323981659738667,0.002445363564150341,0.0,2.3924091262808678,2.380378989782004,3.0515777084397335
Scalar_2D_Diffusion_Heat_Dirichlet,0.0625,L^2,741,"[32, 32]",0.009230517162386542,0.009212571375972676,0.0005753048997892019,0.0,1.3400580827578923,1.3349228865215033,2.0876503110318008
