method,h,lp_norm,inside_cells,inside_cells_by_dim,all_err,full_err,cut_err,empty_err,pair_order_all,pair_order_full,pair_order_cut
Scalar_2D_Diffusion_Heat_Moving,1.0,L^2,5,"[4, 4]",1.232676848884725,1.0360684800145272,0.6678729808105446,0.0,NaN,NaN,NaN
Scalar_2D_Diffusion_Heat_Moving,0.5,L^2,21,"[7, 7]",0.6413763868665183,0.5398399487630786,0.34631849409095444,0.0,0.9425514959773699,0.940515715669635,0.9474743179808274
Scalar_2D_Diffusion_Heat_Moving,0.25,L^2,97,"[13, 13]",0.2492253322127605,0.09543930861768446,0.23022728897144062,0.0,1.3637205231626415,2.4998762448110585,0.5890405852854532
Scalar_2D_Diffusion_Heat_Moving,0.125,L^2,449,"[26, 26]",0.042743581999314405,0.03797507439371915,0.019619060296650524,0.0,2.5436709978759904,1.3295308008957916,3.5527310001864754
Scalar_2D_Diffusion_Heat_Moving,0.0625,L^2,1925,"[51, 51]",0.014166211099583187,0.013270378254190888,0.004957680698537497,0.0,1.593253867786749,1.516843297624715,1.9845186796073133
Scalar_2D_Diffusion_Heat_Moving,0.03125,L^2,7909,"[102, 102]",0.005373822149176953,0.005320090050253638,0.0007580279336390103,0.0,1.3984334659233193,1.3186869226104048,2.7093424386596
