method,h,lp_norm,inside_cells,inside_cells_by_dim,all_err,full_err,cut_err,empty_err,pair_order_all,pair_order_full,pair_order_cut
Scalar_2D_Diffusion_Heat_Moving_CFL_1p0,1.0,L^2,5,"[4, 4]",1.232676848884725,1.0360684800145272,0.6678729808105446,0.0,NaN,NaN,NaN
Scalar_2D_Diffusion_Heat_Moving_CFL_1p0,0.5,L^2,21,"[7, 7]",0.42814836376273746,0.3446867197113882,0.2539726100336654,0.0,1.5256119239900816,1.5877617426898027,1.3949008340436504
Scalar_2D_Diffusion_Heat_Moving_CFL_1p0,0.25,L^2,97,"[13, 13]",0.14003626186396245,0.10676946645777438,0.0906114544037036,0.0,1.612310355979565,1.69078658544289,1.4869075749594234
Scalar_2D_Diffusion_Heat_Moving_CFL_1p0,0.125,L^2,449,"[26, 26]",0.06061958919246081,0.04911669786216314,0.035528644569976064,0.0,1.207944475613141,1.1202136533067875,1.3507107858129985
Scalar_2D_Diffusion_Heat_Moving_CFL_1p0,0.0625,L^2,1925,"[51, 51]",0.024606843078993152,0.019789020820610587,0.014625025855554355,0.0,1.3007244953585313,1.311513342685556,1.2805434751704063
Scalar_2D_Diffusion_Heat_Moving_CFL_1p0,0.03125,L^2,7909,"[102, 102]",0.011331974069908253,0.010647665301692843,0.0038782547549380216,0.0,1.1186603743008288,0.894163100787993,1.9149596957621722
