method,h,lp_norm,inside_cells,inside_cells_by_dim,all_err,full_err,cut_err,empty_err,pair_order_all,pair_order_full,pair_order_cut,h1_all_err,h1_full_err,h1_cut_err,h1_empty_err,pair_order_h1_all,pair_order_h1_full,pair_order_h1_cut
Scalar_2D_Diffusion_Poisson_Robin,0.25,L^2,37,"[8, 8]",0.005412938661933703,0.0038830998572891907,0.003771132516390441,0.0,NaN,NaN,NaN,0.08887541587032798,0.07617752173447151,0.045780178336457665,0.0,NaN,NaN,NaN
Scalar_2D_Diffusion_Poisson_Robin,0.125,L^2,173,"[16, 16]",0.0012162946611017314,0.0008813247637626254,0.0008382358638255278,0.0,2.1539192596138346,2.1394631597487472,2.1695696937686835,0.04455670433415608,0.04102681765404719,0.017381027999027094,0.0,0.9961418787394709,0.8927981014203175,1.3972096701974999
Scalar_2D_Diffusion_Poisson_Robin,0.0625,L^2,741,"[32, 32]",0.0004198036041399197,0.0002615551314438105,0.00032836561827371223,0.0,1.5347063225064508,1.7525586685267005,1.3520531715893365,0.022900393544335942,0.021296689459430276,0.008418969209710607,0.0,0.9602701354226454,0.9459380694282333,1.0457979022326098
Scalar_2D_Diffusion_Poisson_Robin,0.03125,L^2,3090,"[64, 64]",0.00012094362123989165,7.103602063486994e-5,9.788382548194927e-5,0.0,1.7953798713737155,1.8804924037272643,1.7461606859048069,0.011805276591052174,0.010893245039548341,0.004549919548695337,0.0,0.955940547813702,0.9671953937229543,0.887802569451821
Scalar_2D_Diffusion_Poisson_Robin,0.015625,L^2,12608,"[128, 128]",3.47577401122637e-5,1.6971285920977284e-5,3.0332753780362652e-5,0.0,1.7989284924844633,2.0654548830627326,1.6901940057338145,0.005797113912086963,0.005486930922485004,0.0018708604334877756,0.0,1.0260251038412662,0.989362470953662,1.2821390986282362
Scalar_2D_Diffusion_Poisson_Robin,0.0078125,L^2,50954,"[256, 256]",1.0001608879360474e-5,4.056298825235095e-6,9.142134324986633e-6,0.0,1.7971021901248336,2.0648600386952882,1.7302735583241635,0.002908772828921107,0.002763238114145842,0.0009085562694744645,0.0,0.9949242061713114,0.9896395255375506,1.0420541647460024
