method,h,lp_norm,inside_cells,inside_cells_by_dim,all_err,full_err,cut_err,empty_err,pair_order_all,pair_order_full,pair_order_cut
Scalar_1D_Diffusion_Poisson_Dirichlet_Convergence,0.5,L^2,0,[1],0.003025,0.0,0.003025,0.0,NaN,NaN,NaN
Scalar_1D_Diffusion_Poisson_Dirichlet_Convergence,0.25,L^2,0,[1],0.003024999999999999,0.0,0.003024999999999999,0.0,3.2034265038149176e-16,NaN,3.2034265038149176e-16
Scalar_1D_Diffusion_Poisson_Dirichlet_Convergence,0.125,L^2,1,[2],0.0007419464726632739,0.0007361116810980577,9.286636230878007e-5,0.0,2.027548129146586,NaN,5.025635208301378
Scalar_1D_Diffusion_Poisson_Dirichlet_Convergence,0.0625,L^2,3,[4],0.00022644276462965385,0.00022635338077143827,6.361813142579079e-6,0.0,1.7121686654486679,1.7013478105502453,3.867646220689041
Scalar_1D_Diffusion_Poisson_Dirichlet_Convergence,0.03125,L^2,7,[8],6.13315853457857e-5,6.133158529979466e-5,2.375164446077063e-9,0.0,1.8844442942198834,1.8838747071903068,11.387194879876663
Scalar_1D_Diffusion_Poisson_Dirichlet_Convergence,0.015625,L^2,13,[15],1.4808110583986661e-5,1.475470974848933e-5,1.2564550550703061e-6,0.0,2.05024266922954,2.0554547016057825,-9.047115946998206
Scalar_1D_Diffusion_Poisson_Dirichlet_Convergence,0.0078125,L^2,27,[29],3.771271027731235e-6,3.7618698832984763e-6,2.661205473782784e-7,0.0,1.9732648334778085,1.9716536861980551,2.239207253780153
Scalar_1D_Diffusion_Poisson_Dirichlet_Convergence,0.00390625,L^2,55,[57],9.517518528672372e-7,9.495259261960533e-7,6.505463025601157e-8,0.0,1.9863934569901753,1.98617065146106,2.032356256919808
