method,h,lp_norm,inside_cells,inside_cells_by_dim,all_err,full_err,cut_err,empty_err,pair_order_all,pair_order_full,pair_order_cut,order_all,order_full,order_cut,order_all_fit,order_full_fit,order_cut_fit
Scalar_2D_Diffusion_Heat_Robin_CN,0.16,L^2,50957,"[256, 256]",0.25179764242784375,0.2513810357607724,0.014478521749870478,0.0,NaN,NaN,NaN,1.5,1.5,1.2,1.0,1.0,0.9
Scalar_2D_Diffusion_Heat_Robin_CN,0.08,L^2,50957,"[256, 256]",0.16984659019959822,0.16871774345923332,0.019549609828704424,0.0,0.5680325199192573,0.5752641118083482,-0.43322550303072505,1.5,1.5,1.2,1.0,1.0,0.9
Scalar_2D_Diffusion_Heat_Robin_CN,0.04,L^2,50957,"[256, 256]",0.07813374277167398,0.07797582337967193,0.004965151334281409,0.0,1.120214626195299,1.1135129180129337,1.9772302186436386,1.5,1.5,1.2,1.0,1.0,0.9
Scalar_2D_Diffusion_Heat_Robin_CN,0.02,L^2,50957,"[256, 256]",0.027210518744323328,0.027174935160311,0.001391125216529956,0.0,1.521781263445082,1.5207502887357531,1.8355854066378692,1.5,1.5,1.2,1.0,1.0,0.9
Scalar_2D_Diffusion_Heat_Robin_CN,0.01,L^2,50957,"[256, 256]",0.027073598457001836,0.02698753476106874,0.0021570120377685372,0.0,0.007277806054597744,0.00998339647045606,-0.6327819437522675,1.5,1.5,1.2,1.0,1.0,0.9
Scalar_2D_Diffusion_Heat_Robin_CN,0.005,L^2,50957,"[256, 256]",0.00689740696543738,0.0068355588585545714,0.0009216061729937119,0.0,1.9727606572293688,1.9811619975204107,1.226811942642072,1.5,1.5,1.2,1.0,1.0,0.9
Scalar_2D_Diffusion_Heat_Robin_CN,0.0025,L^2,50957,"[256, 256]",0.0034571137195087897,0.003432094348578579,0.00041516701707970286,0.0,0.9964860312536389,0.993970080669777,1.1504585466802226,1.5,1.5,1.2,1.0,1.0,0.9
