method,h,lp_norm,inside_cells,inside_cells_by_dim,all_err,full_err,cut_err,empty_err,pair_order_all,pair_order_full,pair_order_cut
Scalar_2D_Diffusion_Heat_Moving_CFL_0p25,1.0,L^2,5,"[4, 4]",0.9239849651152725,0.6807428278938792,0.624769892064363,0.0,NaN,NaN,NaN
Scalar_2D_Diffusion_Heat_Moving_CFL_0p25,0.5,L^2,21,"[7, 7]",0.1984882512988007,0.09700379015815791,0.17317000490445197,0.0,2.218815761152776,2.810996854656695,1.851135871208447
Scalar_2D_Diffusion_Heat_Moving_CFL_0p25,0.25,L^2,97,"[13, 13]",0.12000564220314977,0.08429685524266414,0.08541308071242792,0.0,0.7259513780626299,0.20256230641743234,1.0196601242967582
Scalar_2D_Diffusion_Heat_Moving_CFL_0p25,0.125,L^2,449,"[26, 26]",0.041025778361458994,0.03663769945754888,0.018460592315033653,0.0,1.5484996267546496,1.2021498943086208,2.210008187291005
Scalar_2D_Diffusion_Heat_Moving_CFL_0p25,0.0625,L^2,1925,"[51, 51]",0.016336099938994306,0.015204234567887755,0.005974898528130573,0.0,1.3284671082274246,1.2688557289487854,1.6274627260545182
Scalar_2D_Diffusion_Heat_Moving_CFL_0p25,0.03125,L^2,7909,"[102, 102]",0.006873448506522473,0.006778377459007457,0.0011392512431573783,0.0,1.2489575909592492,1.165461306373063,2.390828267132087
