method,h,lp_norm,inside_cells,inside_cells_by_dim,all_err,full_err,cut_err,empty_err,pair_order_all,pair_order_full,pair_order_cut
Scalar_2D_Diffusion_Heat_Robin_Linf,1.0,L^Inf,1,"[2, 2]",0.31643303166282866,0.12026608662836397,0.31643303166282866,0.0,NaN,NaN,NaN
Scalar_2D_Diffusion_Heat_Robin_Linf,0.5,L^Inf,5,"[4, 4]",0.14525000398780785,0.10634800221815055,0.14525000398780785,0.0,1.1233620038058802,0.17743694777407026,1.1233620038058802
Scalar_2D_Diffusion_Heat_Robin_Linf,0.25,L^Inf,37,"[8, 8]",0.09045288658009981,0.03613483141150278,0.09045288658009981,0.0,0.6832997545018096,1.5573308635824183,0.6832997545018096
Scalar_2D_Diffusion_Heat_Robin_Linf,0.125,L^Inf,173,"[16, 16]",0.054173627360342924,0.008288271758138926,0.054173627360342924,0.0,0.7395758495372118,2.1242469509667092,0.7395758495372118
Scalar_2D_Diffusion_Heat_Robin_Linf,0.0625,L^Inf,741,"[32, 32]",0.020170847490740273,0.0025772327572486375,0.020170847490740273,0.0,1.4253189931305934,1.685248470292922,1.4253189931305934
Scalar_2D_Diffusion_Heat_Robin_Linf,0.03125,L^Inf,3090,"[64, 64]",0.028648484359910242,0.0006970190520472208,0.028648484359910242,0.0,-0.5061871146651445,1.8865528411802372,-0.5061871146651445
