method,h,lp_norm,inside_cells,inside_cells_by_dim,all_err,full_err,cut_err,empty_err,pair_order_all,pair_order_full,pair_order_cut
Scalar_3D_Diffusion_Heat_Robin,2.0,L^2,0,"[1, 1, 1]",NaN,NaN,NaN,NaN,NaN,NaN,NaN
Scalar_3D_Diffusion_Heat_Robin,1.0,L^2,1,"[2, 2, 2]",0.3510253624198517,0.2962108088053846,0.18835594444786746,0.0,NaN,NaN,NaN
Scalar_3D_Diffusion_Heat_Robin,0.5,L^2,7,"[4, 4, 4]",0.1930974163822428,0.09073362508893155,0.1704524024228419,0.0,0.8622464111043169,1.7069150807447548,0.14409263142630127
Scalar_3D_Diffusion_Heat_Robin,0.25,L^2,147,"[8, 8, 8]",0.0584895706868391,0.0433281479429949,0.03928996659403885,0.0,1.7230775564942975,1.0663327299433407,2.1171360872589307
Scalar_3D_Diffusion_Heat_Robin,0.125,L^2,1599,"[16, 16, 16]",0.015406072229590527,0.0132598886752049,0.007843622496304452,0.0,1.9246803053902586,1.708235906881164,2.3245689339439592
Scalar_3D_Diffusion_Heat_Robin,0.0625,L^2,14915,"[32, 32, 32]",0.003919853643445592,0.0035991449440153428,0.0015528709727477396,0.0,1.9746274001590038,1.8813425547435172,2.3365821401868883
Scalar_3D_Diffusion_Heat_Robin,0.041666666666666664,L^2,52587,"[48, 48, 48]",0.0017484077968773844,0.001635596254950067,0.0006178630228253844,0.0,1.991167076209917,1.9451461201774176,2.2729303501270586
