method,h,lp_norm,inside_cells,inside_cells_by_dim,all_err,full_err,cut_err,empty_err
Scalar_2D_Diffusion_Heat_Robin_BE,0.02,L^2,12637,"[128, 128]",0.023946045713006875,0.023797466123814018,0.0026634022180922774,0.0
Scalar_2D_Diffusion_Heat_Robin_BE,0.01,L^2,12637,"[128, 128]",0.025370071107354907,0.025174224440878214,0.0031462567906220752,0.0
Scalar_2D_Diffusion_Heat_Robin_BE,0.005,L^2,12637,"[128, 128]",0.006122418534311648,0.006082566871730583,0.0006974159162282191,0.0
Scalar_2D_Diffusion_Heat_Robin_BE,0.0025,L^2,12637,"[128, 128]",0.0030750233713831934,0.0030534960081697376,0.00036322288287543906,0.0
