method,h,lp_norm,inside_cells,inside_cells_by_dim,all_err,full_err,cut_err,empty_err,pair_order_all,pair_order_full,pair_order_cut
Scalar_2D_Diffusion_Heat_Moving_CFL_0p5,1.0,L^2,5,"[4, 4]",0.93134521695182,0.6671695496928384,0.6498374451366187,0.0,NaN,NaN,NaN
Scalar_2D_Diffusion_Heat_Moving_CFL_0p5,0.5,L^2,21,"[7, 7]",0.26458713126144207,0.17934769207465692,0.19452700423502542,0.0,1.8155731283965333,1.8952942640161166,1.740108433475763
Scalar_2D_Diffusion_Heat_Moving_CFL_0p5,0.25,L^2,97,"[13, 13]",0.09319806839805866,0.052673671880001514,0.07688539681764775,0.0,1.505370935553317,1.7676052418419406,1.339188932121799
Scalar_2D_Diffusion_Heat_Moving_CFL_0p5,0.125,L^2,449,"[26, 26]",0.04009408733457647,0.03346850415912617,0.02207702580836463,0.0,1.2169105557454685,0.654277960550482,1.8001637797945529
Scalar_2D_Diffusion_Heat_Moving_CFL_0p5,0.0625,L^2,1925,"[51, 51]",0.01814175430267231,0.015584934072516916,0.00928617677700737,0.0,1.1440755276476806,1.102652020593779,1.249389176730947
Scalar_2D_Diffusion_Heat_Moving_CFL_0p5,0.03125,L^2,7909,"[102, 102]",0.007892944821851086,0.007597489638680703,0.0021393291357164265,0.0,1.200678402074501,1.036557344738755,2.1179262869764153
