method,h,lp_norm,inside_cells,inside_cells_by_dim,all_err,full_err,cut_err,empty_err,pair_order_all,pair_order_full,pair_order_cut
Scalar_2D_Diffusion_Heat_Moving_CFL_2p0,1.0,L^2,5,"[4, 4]",1.4154692631451533,1.2315736289120753,0.6976959448621045,0.0,NaN,NaN,NaN
Scalar_2D_Diffusion_Heat_Moving_CFL_2p0,0.5,L^2,21,"[7, 7]",0.31314434410784314,0.2261130704679208,0.21663854599378277,0.0,2.176380694632138,2.445386586486577,1.6873084872896398
Scalar_2D_Diffusion_Heat_Moving_CFL_2p0,0.25,L^2,97,"[13, 13]",0.18623261040075018,0.15121017563970526,0.10871093762674973,0.0,0.7497221025644566,0.5804891609782477,0.9947928610401016
Scalar_2D_Diffusion_Heat_Moving_CFL_2p0,0.125,L^2,449,"[26, 26]",0.14469139970412986,0.13549218524394036,0.05076877865541009,0.0,0.36412654698371055,0.1583455845792462,1.0984836414456163
Scalar_2D_Diffusion_Heat_Moving_CFL_2p0,0.0625,L^2,1925,"[51, 51]",0.06486978910781066,0.060878918094486395,0.022401938990557358,0.0,1.1573605185056846,1.1541950185151812,1.1803179440086247
Scalar_2D_Diffusion_Heat_Moving_CFL_2p0,0.03125,L^2,7909,"[102, 102]",0.0291792171079094,0.02895147201116508,0.003638540836274587,0.0,1.1526055730210998,1.0723060177217085,2.622191701913995
