Method,Iterations,FinalResidual
GMRES (Right ILU0),5,1.0166340951567828e-9
GMRES (Left ILU0),6,6.466647688573303e-9
GMRES (No Precond),55,3.995360706400535e-9
BiCGSTAB (Left ILU0),2,1.5468927572800706e-11
BiCGSTAB (No Precond),14,2.1443770836690144e-9
