method,h,lp_norm,inside_cells,inside_cells_by_dim,all_err,full_err,cut_err,empty_err,pair_order_all,pair_order_full,pair_order_cut,order_all,order_full,order_cut,order_all_fit,order_full_fit,order_cut_fit
Scalar_2D_Diffusion_Heat_Robin_BE,0.16,L^2,50957,"[256, 256]",0.2151840429691737,0.21441855788377698,0.018134342656975205,0.0,NaN,NaN,NaN,1.5,1.5,1.6,1.0,1.0,1.0
Scalar_2D_Diffusion_Heat_Robin_BE,0.08,L^2,50957,"[256, 256]",0.15326999905596558,0.15269723742889163,0.013238062252475324,0.0,0.4894957657351857,0.48975581477974095,0.45403249043897936,1.5,1.5,1.6,1.0,1.0,1.0
Scalar_2D_Diffusion_Heat_Robin_BE,0.04,L^2,50957,"[256, 256]",0.07093138454295152,0.07066011774854612,0.00619750538052453,0.0,1.1115793190643055,1.1117059029292673,1.094932436323376,1.5,1.5,1.6,1.0,1.0,1.0
Scalar_2D_Diffusion_Heat_Robin_BE,0.02,L^2,50957,"[256, 256]",0.023942824941381263,0.023861446286516826,0.00197237098166137,0.0,1.566830726967152,1.5662146632426999,1.6517566862445874,1.5,1.5,1.6,1.0,1.0,1.0
Scalar_2D_Diffusion_Heat_Robin_BE,0.01,L^2,50957,"[256, 256]",0.02536718788640757,0.02525976379617472,0.0023320708020476326,0.0,-0.08337021483335215,-0.0821596584544971,-0.24168065707769884,1.5,1.5,1.6,1.0,1.0,1.0
Scalar_2D_Diffusion_Heat_Robin_BE,0.005,L^2,50957,"[256, 256]",0.006118868508433512,0.006097773438062697,0.0005076523628984189,0.0,2.0516267945847497,2.0504866952407754,2.199698797798669,1.5,1.5,1.6,1.0,1.0,1.0
Scalar_2D_Diffusion_Heat_Robin_BE,0.0025,L^2,50957,"[256, 256]",0.0030712839465557866,0.0030604131814245907,0.00025817869651447264,0.0,0.994422998055822,0.9945561062196497,0.9754709244481266,1.5,1.5,1.6,1.0,1.0,1.0
