method,h,lp_norm,inside_cells,inside_cells_by_dim,all_err,full_err,cut_err,empty_err,pair_order_all,pair_order_full,pair_order_cut
Scalar_3D_Diffusion_Heat_Robin,1.0,L^2,1,"[2, 2, 2]",0.3510253624198517,0.2962108088053846,0.18835594444786746,0.0,NaN,NaN,NaN
Scalar_3D_Diffusion_Heat_Robin,0.5,L^2,7,"[4, 4, 4]",0.1930974163822428,0.09073362508893155,0.1704524024228419,0.0,0.8622464111043169,1.7069150807447548,0.14409263142630127
Scalar_3D_Diffusion_Heat_Robin,0.25,L^2,147,"[8, 8, 8]",0.0584895706868391,0.0433281479429949,0.03928996659403885,0.0,1.7230775564942975,1.0663327299433407,2.1171360872589307
Scalar_3D_Diffusion_Heat_Robin,0.125,L^2,1599,"[16, 16, 16]",0.01540607222959051,0.013259888675204888,0.007843622496304442,0.0,1.9246803053902601,1.7082359068811657,2.324568933943961
Scalar_3D_Diffusion_Heat_Robin,0.0625,L^2,14915,"[32, 32, 32]",0.0039198536434455955,0.003599144944015343,0.0015528709727477385,0.0,1.974627400159001,1.8813425547435156,2.3365821401868874
