method,h,lp_norm,inside_cells,inside_cells_by_dim,all_err,full_err,cut_err,empty_err,pair_order_all,pair_order_full,pair_order_cut
Scalar_2D_Diffusion_Heat_Robin,1.0,L^2,1,"[2, 2]",0.19259479548995298,0.06785279312564393,0.18024636949149733,0.0,NaN,NaN,NaN
Scalar_2D_Diffusion_Heat_Robin,0.5,L^2,5,"[4, 4]",0.11222129342151681,0.0658039948244634,0.0909035365777381,0.0,0.7792222716125835,0.04423303502050259,0.987561872818316
Scalar_2D_Diffusion_Heat_Robin,0.25,L^2,37,"[8, 8]",0.03501658213879238,0.028201078382486904,0.020757172320613006,0.0,1.680236267274016,1.2224248386832528,2.1307264995605815
Scalar_2D_Diffusion_Heat_Robin,0.125,L^2,173,"[16, 16]",0.007864254392679728,0.006987645129979132,0.0036082284697980683,0.0,2.154656377799794,2.012872083517195,2.524247326857497
Scalar_2D_Diffusion_Heat_Robin,0.0625,L^2,741,"[32, 32]",0.0022667480372673544,0.0020669762898211275,0.0009304599302348744,0.0,1.794685954966984,1.7572845025613637,1.9552747638092256
Scalar_2D_Diffusion_Heat_Robin,0.03125,L^2,3090,"[64, 64]",0.0005041544422545364,0.00046305430044800915,0.00019938008045335793,0.0,2.1686863751746777,2.158268552424244,2.2224227417061275
