method,h,lp_norm,inside_cells,inside_cells_by_dim,all_err,full_err,cut_err,empty_err,pair_order_all,pair_order_full,pair_order_cut,trunc_max_all,trunc_max_full,trunc_max_cut,trunc_pair_order_max_all,trunc_pair_order_max_full,trunc_pair_order_max_cut
Scalar_2D_Diffusion_Heat_Robin,1.0,L^2,1,"[2, 2]",0.15299699564018526,0.04354512752563635,0.14666936470749078,0.0,NaN,NaN,NaN,0.25084982551513013,0.09837587273965574,0.25084982551513013,NaN,NaN,NaN
Scalar_2D_Diffusion_Heat_Robin,0.5,L^2,5,"[4, 4]",0.083057135727385,0.04774833510140993,0.06796016693829347,0.0,0.881327297818085,-0.13293913209543068,1.1098062607221277,0.01900103646297458,0.01900103646297458,0.016421768497346764,3.722673913077914,2.3722264131087094,3.933142526917023
Scalar_2D_Diffusion_Heat_Robin,0.25,L^2,37,"[8, 8]",0.02294433302101458,0.017750903160590383,0.014537807770175068,0.0,1.85596625144246,1.4275579994707484,2.2248796620319085,0.005846098214005185,0.0014121555139553175,0.005846098214005185,1.7005321447822754,3.7501072368109822,1.4900635309431671
Scalar_2D_Diffusion_Heat_Robin,0.125,L^2,173,"[16, 16]",0.005766509316813104,0.005025759897577885,0.0028274311932901665,0.0,1.992367697938142,1.8204787762156962,2.3622459131774027,0.002650307525746797,0.00012083632365475234,0.002650307525746797,1.141314295469321,3.5467728723308465,1.141314295469321
Scalar_2D_Diffusion_Heat_Robin,0.0625,L^2,741,"[32, 32]",0.001486371351592859,0.001296129100555616,0.0007275638456718918,0.0,1.955903665453653,1.9551323244519705,1.9583461570264546,0.0006795009146142787,3.371684740200928e-5,0.0006795009146142787,1.9636123730581792,1.8415126444431138,1.9636123730581792
Scalar_2D_Diffusion_Heat_Robin,0.03125,L^2,3090,"[64, 64]",0.00037636145653322585,0.00033141715446925984,0.00017835530742680496,0.0,1.9816038072805504,1.9674892397108619,2.0283197063286846,0.0005159313017813095,1.8030199541525706e-5,0.0005159313017813095,0.3972965147793083,0.9030542842172999,0.3972965147793083
Scalar_2D_Diffusion_Heat_Robin,0.015625,L^2,12608,"[128, 128]",9.741085903170741e-5,8.384965753386593e-5,4.957933429109948e-5,0.0,1.9499643749924214,1.9827714832362908,1.8469433422006918,0.0001381121710310956,2.950198095700234e-6,0.0001381121710310956,1.9013385164824788,2.611531628397654,1.9013385164824788
