method,h,lp_norm,inside_cells,inside_cells_phase1,inside_cells_phase2,inside_cells_by_dim,all_err,full_err,cut_err,empty_err,phase1_all_err,phase1_full_err,phase1_cut_err,phase1_empty_err,phase2_all_err,phase2_full_err,phase2_cut_err,phase2_empty_err,pair_order_all,pair_order_full,pair_order_cut
Diph_3D_Bubble,2.0,L^2,64,64,0,"[64, 0]",NaN,NaN,NaN,NaN,0.03153830888611983,0.03153830888611983,0.0,0.0,NaN,NaN,NaN,NaN,NaN,NaN,NaN
Diph_3D_Bubble,1.0,L^2,486,485,1,"[485, 1]",2.6204972494514025,2.5505205196033978,0.6015404503974621,0.0,0.16465107998478817,0.059982745101466665,0.15333638977832234,0.0,2.6204972494514025,2.5505205196033978,0.6015404503974621,0.0,NaN,NaN,NaN
Diph_3D_Bubble,0.5,L^2,4022,4015,7,"[4015, 7]",1.3909803980215478,1.27594663129152,0.5538832564503156,0.0,0.02414096164560215,0.015191235943517243,0.018761992956048714,0.0,1.3909803980215478,1.27594663129152,0.5538832564503156,0.0,0.9137385054110976,0.9992237205285696,0.11907982685743848
Diph_3D_Bubble,0.25806451612903225,L^2,29507,29387,120,"[29387, 120]",0.09207482852689837,0.0823632482136396,0.04115907423589754,0.0,0.004569495026918146,0.0029736453002895194,0.00346954153010101,0.0,0.09207482852689837,0.0823632482136396,0.04115907423589754,0.0,4.105184049700787,4.143197166290486,3.9303227736677084
Diph_3D_Bubble,0.12698412698412698,L^2,248863,247361,1502,"[247361, 1502]",0.01975858377763956,0.01898361900131362,0.005479401656291099,0.0,0.001176905903153146,0.0011020854554524284,0.00041293480569806827,0.0,0.01975858377763956,0.01898361900131362,0.005479401656291099,0.0,2.1702305005495863,2.069474722525053,2.843482418527652
