method,h,lp_norm,inside_cells,inside_cells_phase1,inside_cells_phase2,inside_cells_by_dim,all_err,full_err,cut_err,empty_err,phase1_all_err,phase1_full_err,phase1_cut_err,phase1_empty_err,phase2_all_err,phase2_full_err,phase2_cut_err,phase2_empty_err,pair_order_all,pair_order_full,pair_order_cut
Heat_2ph_1D_He100.0,2.0,L^2,3,1,2,"[1, 2]",0.36139701124459966,0.21558653900203809,0.29005214003287755,0.0,0.2629550553707492,6.260521027612731e-6,0.26295505529622293,0.0,0.36139701124459966,0.21558653900203809,0.29005214003287755,0.0,NaN,NaN,NaN
Heat_2ph_1D_He100.0,1.0,L^2,7,3,4,"[3, 4]",0.22514396997205435,0.1845197923783203,0.1290048581854144,0.0,0.22514396997205435,0.1845197923783203,0.1290048581854144,0.0,0.19960686731056032,0.1639155457039658,0.11390608128676327,0.0,0.6827367366402585,0.22449152633688224,1.1688868666786962
Heat_2ph_1D_He100.0,0.5,L^2,15,7,8,"[7, 8]",0.05708518235691027,0.04417470835024541,0.036156786180362575,0.0,0.05708518235691027,0.04417470835024541,0.036156786180362575,0.0,0.05362220402188731,0.041494928821765524,0.03396338684880411,0.0,1.9796596206415242,2.062483059220325,1.8350870433583613
Heat_2ph_1D_He100.0,0.25,L^2,31,15,16,"[15, 16]",0.02741669964833823,0.02739294456874179,0.0011410554154068588,0.0,0.02741669964833823,0.02739294456874179,0.0011410554154068588,0.0,0.026572906005380266,0.026549882027098314,0.0011059375741589242,0.0,1.0580613991036112,0.6894162548685122,4.985825685568327
Heat_2ph_1D_He100.0,0.125,L^2,63,31,32,"[31, 32]",0.003449726977808833,0.003447600860539254,0.00012109718341507307,0.0,0.003449726977808833,0.003447600860539254,0.00012109718341507307,0.0,0.0033962395991163448,0.003394146446901767,0.00011921959398546704,0.0,2.990500821537291,2.990139691073952,3.2361316428131994
Heat_2ph_1D_He100.0,0.0625,L^2,127,63,64,"[63, 64]",0.001876101193293626,0.0018759428204763874,2.437666467881915e-5,0.0,0.001876101193293626,0.0018759428204763874,2.437666467881915e-5,0.0,0.0018615009620872394,0.0018613438217620255,2.4186960124312596e-5,0.0,0.8787445408569415,0.8779769042347371,2.3125926611811742
Heat_2ph_1D_He100.0,0.03125,L^2,255,127,128,"[127, 128]",0.0002161423904691103,0.00021614048677361211,9.071576309294703e-7,0.0,0.0002161423904691103,0.00021614048677361211,9.071576309294703e-7,0.0,0.00021529972686296542,0.00021529783058931427,9.036209395801494e-7,0.0,3.1176836955777083,3.1175746107363205,4.748003673084738
