method,h,lp_norm,inside_cells,inside_cells_phase1,inside_cells_phase2,inside_cells_by_dim,all_err,full_err,cut_err,empty_err,phase1_all_err,phase1_full_err,phase1_cut_err,phase1_empty_err,phase2_all_err,phase2_full_err,phase2_cut_err,phase2_empty_err,pair_order_all,pair_order_full,pair_order_cut
Heat_2ph_1D,2.0,L^2,3,1,2,"[1, 2]",0.19747497717942697,0.1143409971380027,0.16100466758918033,0.0,0.14915407629306923,3.161563118944429e-6,0.14915407625956198,0.0,0.19747497717942697,0.1143409971380027,0.16100466758918033,0.0,NaN,NaN,NaN
Heat_2ph_1D,1.0,L^2,7,3,4,"[3, 4]",0.11371729738754915,0.09319046797608072,0.06517024170223222,0.0,0.11371729738754915,0.09319046797608072,0.06517024170223222,0.0,0.10081872688244618,0.08278439886171363,0.05754267108244093,0.0,0.7962181380303242,0.2950884759011078,1.3048172625291212
Heat_2ph_1D,0.5,L^2,15,7,8,"[7, 8]",0.028828017111342072,0.022308227724197018,0.018259177045453028,0.0,0.028828017111342072,0.022308227724197018,0.018259177045453028,0.0,0.02707921305087527,0.020954939061870435,0.017151510381537546,0.0,1.9799082054475536,2.062606492478163,1.8355916021457213
Heat_2ph_1D,0.25,L^2,31,15,16,"[15, 16]",0.01384543332241085,0.013833437007214646,0.000576232984780533,0.0,0.01384543332241085,0.013833437007214646,0.000576232984780533,0.0,0.013419317532716886,0.013407690423684502,0.0005584984749501647,0.0,1.0580614001596735,0.6894162553420989,4.985825687493672
Heat_2ph_1D,0.125,L^2,63,31,32,"[31, 32]",0.0017421121237935048,0.0017410384345723647,6.115407762468191e-5,0.0,0.0017421121237935048,0.0017410384345723647,6.115407762468191e-5,0.0,0.001715100997553392,0.0017140439556850367,6.0205894962481196e-5,0.0,2.9905008215372595,2.9901396910739217,3.2361316428117215
Heat_2ph_1D,0.0625,L^2,127,63,64,"[63, 64]",0.0009474311026133962,0.0009473511243406896,1.2310215662891844e-5,0.0,0.0009474311026133962,0.0009473511243406896,1.2310215662891844e-5,0.0,0.000940057985853057,0.0009399786299888277,1.2214414862481904e-5,0.0,0.8787445408568029,0.8779769042345978,2.3125926611724927
Heat_2ph_1D,0.03125,L^2,255,127,128,"[127, 128]",0.00010915190718704868,0.00010915094582082163,4.5811460373142183e-7,0.0,0.00010915190718704868,0.00010915094582082163,4.5811460373142183e-7,0.0,0.00010872636206276149,0.00010872540444457005,4.563285739107601e-7,0.0,3.117683695575928,3.1175746107345446,4.748003672742238
