method,h,lp_norm,inside_cells,inside_cells_phase1,inside_cells_phase2,inside_cells_by_dim,all_err,full_err,cut_err,empty_err,phase1_all_err,phase1_full_err,phase1_cut_err,phase1_empty_err,phase2_all_err,phase2_full_err,phase2_cut_err,phase2_empty_err,pair_order_all,pair_order_full,pair_order_cut
Heat_2ph_2D_He1.0_Dl10.0,2.0,L^2,8,1,7,"[1, 7]",0.6420127685296596,0.41586861253443336,0.4891152134863559,0.0,0.6420127685296596,0.41586861253443336,0.4891152134863559,0.0,0.037504683242961336,0.004359654478464211,0.037250431916734494,0.0,NaN,NaN,NaN
Heat_2ph_2D_He1.0_Dl10.0,1.0,L^2,48,5,43,"[5, 43]",0.22314179049475166,0.16828921221797033,0.1465298594698657,0.0,0.22314179049475166,0.16828921221797033,0.1465298594698657,0.0,0.18302092205972964,0.1439240036169533,0.11305989162590267,0.0,1.524641260308101,1.3051851033635633,1.7389796558865165
Heat_2ph_2D_He1.0_Dl10.0,0.5,L^2,224,37,187,"[37, 187]",0.2686054433781292,0.22963065672618463,0.16553454234332132,0.0,0.17605309524468835,0.05994170198136234,0.16553454234332132,0.0,0.2686054433781292,0.22963065672618463,0.1393508008726987,0.0,-0.2675278117060276,-0.44837256207531295,-0.1759376145917888
Heat_2ph_2D_He1.0_Dl10.0,0.25,L^2,960,177,783,"[177, 783]",0.24807278464738133,0.22646843076243658,0.1502034764983897,0.0,0.21111202427076356,0.14834824717365952,0.1502034764983897,0.0,0.24807278464738133,0.22646843076243658,0.1012529325536079,0.0,0.11472507177088134,0.0200053056131247,0.140214093014107
Heat_2ph_2D_He1.0_Dl10.0,0.125,L^2,3968,749,3219,"[749, 3219]",0.2300486682826987,0.20859343028443897,0.12443112591053139,0.0,0.2300486682826987,0.19349233753118117,0.12443112591053139,0.0,0.22109470131808695,0.20859343028443897,0.07329152606614875,0.0,0.10882436506306246,0.11861623509964557,0.27157079022201336
Heat_2ph_2D_He1.0_Dl10.0,0.0625,L^2,16128,3101,13027,"[3101, 13027]",0.23331158149627396,0.21373514806987723,0.0935498826286817,0.0,0.23331158149627396,0.21373514806987723,0.0935498826286817,0.0,0.21750960130093125,0.21127772978107287,0.051692819198086305,0.0,-0.020318819001324328,-0.03513045370881203,0.41153966604864184
