method,h,lp_norm,inside_cells,inside_cells_phase1,inside_cells_phase2,inside_cells_by_dim,all_err,full_err,cut_err,empty_err,phase1_all_err,phase1_full_err,phase1_cut_err,phase1_empty_err,phase2_all_err,phase2_full_err,phase2_cut_err,phase2_empty_err,pair_order_all,pair_order_full,pair_order_cut
Heat_2ph_2D_Robin_He1.0_alpha1.0_beta1.0,1.0,L^2,56,1,55,"[1, 55]",0.523204429193403,0.37637549718290714,0.36343412036834705,0.0,0.523204429193403,0.37637549718290714,0.36343412036834705,0.0,0.05365287005204641,0.014326743946662304,0.05170468907854056,0.0,NaN,NaN,NaN
Heat_2ph_2D_Robin_He1.0_alpha1.0_beta1.0,0.5,L^2,240,5,235,"[5, 235]",0.5864340991560095,0.44332810396979466,0.3838816808385981,0.0,0.5864340991560095,0.44332810396979466,0.3838816808385981,0.0,0.06393956760021059,0.030950726295439122,0.05594927029628459,0.0,-0.16459423969949666,-0.23620211368454277,-0.07896784439128658
Heat_2ph_2D_Robin_He1.0_alpha1.0_beta1.0,0.25,L^2,992,37,955,"[37, 955]",0.6045426906061563,0.5772203641714245,0.17969005523717468,0.0,0.6045426906061563,0.5772203641714245,0.17969005523717468,0.0,0.07352000434691851,0.04608385434470382,0.05728411130415693,0.0,-0.04387522720910819,-0.38074737619962046,1.095151148617296
Heat_2ph_2D_Robin_He1.0_alpha1.0_beta1.0,0.125,L^2,4032,177,3855,"[177, 3855]",0.5991113355953988,0.5924951740738903,0.0887911095665158,0.0,0.5991113355953988,0.5924951740738903,0.0887911095665158,0.0,0.07991353279977477,0.062326788513792135,0.0500154391972894,0.0,0.013020090412376586,-0.03768120457824657,1.0170234311269994
Heat_2ph_2D_Robin_He1.0_alpha1.0_beta1.0,0.0625,L^2,16256,749,15507,"[749, 15507]",0.5836351441090022,0.5811917571748133,0.05334906588862097,0.0,0.5836351441090022,0.5811917571748133,0.05334906588862097,0.0,0.08432646323580702,0.07546014394705969,0.03763932886422072,0.0,0.03775737150038525,0.02778916126679548,0.7349522198194487
