method,h,lp_norm,inside_cells,inside_cells_phase1,inside_cells_phase2,inside_cells_by_dim,all_err,full_err,cut_err,empty_err,phase1_all_err,phase1_full_err,phase1_cut_err,phase1_empty_err,phase2_all_err,phase2_full_err,phase2_cut_err,phase2_empty_err,pair_order_all,pair_order_full,pair_order_cut
LiuFedkiw_Case1,0.125,L^2,7,3,4,"[3, 4]",0.10413781184413799,0.10010926974667629,0.02868480375516436,0.0,0.10413781184413799,0.10010926974667629,0.02868480375516436,0.0,0.03860452908057357,0.031497039417435264,0.02232142857142838,0.0,NaN,NaN,NaN
LiuFedkiw_Case1,0.0625,L^2,15,7,8,"[7, 8]",0.04976870693332134,0.04897089082453125,0.008875586835058747,0.0,0.04976870693332134,0.04897089082453125,0.008875586835058747,0.0,0.01863561240841321,0.016909988539863127,0.007831879558465012,0.0,1.065183188878881,1.0315792232454188,1.692372232218234
LiuFedkiw_Case1,0.03125,L^2,31,15,16,"[15, 16]",0.024361021835844477,0.024182706554425427,0.0029421231430789485,0.0,0.024361021835844477,0.024182706554425427,0.0029421231430789485,0.0,0.009165549680952866,0.008738908624600887,0.0027638337513120072,0.0,1.0306642549771137,1.0179487186070915,1.5929848784979308
LiuFedkiw_Case1,0.015625,L^2,63,31,32,"[31, 32]",0.012055376957932821,0.012013185192769784,0.0010077177789810017,0.0,0.012055376957932821,0.012013185192769784,0.0010077177789810017,0.0,0.004546212551571875,0.004440054303060875,0.0009767120097245988,0.0,1.0148978860343847,1.0093570016484843,1.5457659772735959
LiuFedkiw_Case1,0.0078125,L^2,127,63,64,"[63, 64]",0.0059970757492418016,0.005986811730433509,0.00035071761644927884,0.0,0.0059970757492418016,0.005986811730433509,0.00035071761644927884,0.0,0.0022641365173983914,0.002237654077385579,0.0003452801751861959,0.0,1.0073456623242996,1.004758912867667,1.5227098511382944
LiuFedkiw_Case1,0.00390625,L^2,255,127,128,"[127, 128]",0.0029909661057108575,0.0029884347300045025,0.0001230288991013455,0.0,0.0029909661057108575,0.0029884347300045025,0.0001230288991013455,0.0,0.0011298461597658703,0.0011232323442186192,0.00012207147758108732,0.0,1.0036476340319191,1.0023978685674262,1.5113126586867809
