nx,h,dt,qn_mean_gas,qn_mean_liq,qn_mean_ana_gas,qn_mean_ana_liq,qn_err_gas,qn_err_liq,qn_err_max,qn_pairwise_orders,c_interface_gas,c_interface_liq,c_interface_ana_gas,c_interface_ana_liq,c_interface_err_gas,c_interface_err_liq,c_interface_err_max,c_pairwise_orders
8,1.25,0.78125,0.1753300482819021,-0.17533004840640068,0.21472892987114092,-0.21472892987114092,0.03939888158923882,0.03939888146474024,0.03939888158923882,NaN,0.09313034904069868,0.9313034904069863,0.07120515155612948,0.7120515155612949,0.021925197484569198,0.21925197484569148,0.21925197484569148,NaN
16,0.625,0.1953125,0.35222263329717257,-0.35222263380621227,0.21472892987114092,-0.21472892987114092,0.13749370342603165,0.13749370393507135,0.13749370393507135,-1.8031389749640294,0.09452419476910186,0.9452419476910179,0.07120515155612948,0.7120515155612949,0.023319043212972373,0.233190432129723,0.233190432129723,-0.08891875819493923
32,0.3125,0.048828125,0.2566770112859084,-0.2566770112876183,0.21472892987114092,-0.21472892987114092,0.041948081414767496,0.04194808141647735,0.04194808141647735,1.7126888241473968,0.06502859862207715,0.6502859862207715,0.07120515155612948,0.7120515155612949,0.006176552934052337,0.06176552934052337,0.06176552934052337,1.9166347798916272
64,0.15625,0.01220703125,0.21757463138635097,-0.21757463126639875,0.21472892987114092,-0.21472892987114092,0.0028457015152100473,0.0028457013952578325,0.0028457015152100473,3.881748576432488,0.06905993978855735,0.6905993978855732,0.07120515155612948,0.7120515155612949,0.002145211767572139,0.021452117675721638,0.021452117675721638,1.5256818381491415
128,0.078125,0.0030517578125,0.2154291355650746,-0.2154291355901552,0.21472892987114092,-0.21472892987114092,0.0007002056939336698,0.0007002057190142741,0.0007002057190142741,2.022933595631892,0.07065868807095489,0.7065868807095489,0.07120515155612948,0.7120515155612949,0.000546463485174592,0.005464634851745975,0.005464634851745975,1.9729230694176962
256,0.0390625,0.000762939453125,0.21489545506768495,-0.21489545540914323,0.21472892987114092,-0.21472892987114092,0.00016652519654403175,0.00016652553800231007,0.00016652553800231007,2.072035402293232,0.07106608825907297,0.7106608825907295,0.07120515155612948,0.7120515155612949,0.0001390632970565131,0.0013906329705654086,0.0013906329705654086,1.9743833979229506
