nx,h,dt,qn_mean_gas,qn_mean_liq,qn_mean_ana_gas,qn_mean_ana_liq,qn_err_gas,qn_err_liq,qn_err_max,qn_pairwise_orders,c_interface_gas,c_interface_liq,c_interface_ana_gas,c_interface_ana_liq,c_interface_err_gas,c_interface_err_liq,c_interface_err_max,c_pairwise_orders
8,1.25,0.78125,0.0008801638806768313,-0.0008801638797196729,0.0021256020214765695,-0.0021256020214765695,0.0012454381407997384,0.0012454381417568968,0.0012454381417568968,NaN,0.9963413273620002,0.0009963413273620001,0.9991917619980585,0.000547930637499629,0.0028504346360582744,0.0004484106898623711,0.0028504346360582744,NaN
16,0.625,0.1953125,0.0015372722222549305,-0.001537272221181061,0.0021256020214765695,-0.0021256020214765695,0.000588329799221639,0.0005883298002955085,0.0005883298002955085,1.0819563486579165,0.9987078954745322,0.000998707895474532,0.9991917619980585,0.000547930637499629,0.00048386652352627735,0.0004507772579749029,0.00048386652352627735,2.5585008846721076
32,0.3125,0.048828125,0.0018729895114383548,-0.0018729895100971657,0.0021256020214765695,-0.0021256020214765695,0.0002526125100382147,0.0002526125113794038,0.0002526125113794038,1.2196990193967303,0.9989065887831862,0.000998906588783186,0.9991917619980585,0.000547930637499629,0.00028517321487231406,0.00045097595128355697,0.00045097595128355697,0.1015586268462756
64,0.15625,0.01220703125,0.002151746883192262,-0.002151746877098724,0.0021256020214765695,-0.0021256020214765695,2.6144861715692372e-5,2.614485562215437e-5,2.6144861715692372e-5,3.2723267499450195,0.9991234862478338,0.0009991234862478336,0.9991917619980585,0.000547930637499629,6.827575022472221e-5,0.00045119284874820464,0.00045119284874820464,-0.0006936992337719903
128,0.078125,0.0030517578125,0.0022368127204964996,-0.0022368127068164404,0.0021256020214765695,-0.0021256020214765695,0.00011121069901993009,0.00011121068533987083,0.00011121069901993009,-2.0886962444695785,0.9991821741652143,0.000999182174165214,0.9991917619980585,0.000547930637499629,9.587832844215605e-6,0.0004512515366655851,0.0004512515366655851,-0.00018764318079363866
256,0.0390625,0.000762939453125,0.0022389610167248913,-0.002238960979371736,0.0021256020214765695,-0.0021256020214765695,0.00011335899524832172,0.00011335895789516643,0.00011335899524832172,-0.027603287026294478,0.9991869958690405,0.00099918699586904,0.9991917619980585,0.000547930637499629,4.766129018007881e-6,0.000451256358369411,0.000451256358369411,-1.5415373619668444e-5
