nx,h,dt,qn_mean_gas,qn_mean_liq,qn_mean_ana_gas,qn_mean_ana_liq,qn_err_gas,qn_err_liq,qn_err_max,qn_pairwise_orders,c_interface_gas,c_interface_liq,c_interface_ana_gas,c_interface_ana_liq,c_interface_err_gas,c_interface_err_liq,c_interface_err_max,c_pairwise_orders
8,1.25,0.78125,0.08788816989492793,-0.08788816989490524,0.7977427009878035,-0.7977427009878035,0.7098545310928757,0.7098545310928983,0.7098545310928983,NaN,0.2740737632530441,0.27407376325304394,0.513464787967683,0.5134647879676831,0.2393910247146389,0.2393910247146392,0.2393910247146392,NaN
16,0.625,0.1953125,0.4391086002120629,-0.4391086002122125,0.7977427009878035,-0.7977427009878035,0.35863410077574065,0.35863410077559105,0.35863410077574065,0.9850107330300969,0.4395935068969652,0.4395935068969647,0.513464787967683,0.5134647879676831,0.07387128107071783,0.07387128107071844,0.07387128107071844,1.6962835614497056
32,0.3125,0.048828125,0.5696932521937664,-0.5696932521937932,0.7977427009878035,-0.7977427009878035,0.2280494487940371,0.22804944879401035,0.2280494487940371,0.6531659904568737,0.43370538825593546,0.4337053882559354,0.513464787967683,0.5134647879676831,0.07975939971174756,0.07975939971174772,0.07975939971174772,-0.11064095472304795
64,0.15625,0.01220703125,0.7369415217921239,-0.7369415217921248,0.7977427009878035,-0.7977427009878035,0.06080117919567962,0.060801179195678734,0.06080117919567962,1.9071754740415794,0.4915064860634277,0.49150648606342767,0.513464787967683,0.5134647879676831,0.021958301904255295,0.02195830190425546,0.02195830190425546,1.8608880606200096
128,0.078125,0.0030517578125,0.7932191182883239,-0.793219118288089,0.7977427009878035,-0.7977427009878035,0.004523582699479611,0.0045235826997145345,0.0045235826997145345,3.748561551954783,0.5103205517244616,0.5103205517244617,0.513464787967683,0.5134647879676831,0.0031442362432214654,0.0031442362432214654,0.0031442362432214654,2.8039849669435184
256,0.0390625,0.000762939453125,0.7928169376521923,-0.792816937652281,0.7977427009878035,-0.7977427009878035,0.004925763335611233,0.004925763335522526,0.004925763335611233,-0.1228814665170342,0.5118323818915518,0.5118323818915518,0.513464787967683,0.5134647879676831,0.0016324060761312431,0.0016324060761313541,0.0016324060761313541,0.945709633325261
