nx,h,dt,qn_mean_gas,qn_mean_liq,qn_mean_ana_gas,qn_mean_ana_liq,qn_err_gas,qn_err_liq,qn_err_max,qn_pairwise_orders,c_interface_gas,c_interface_liq,c_interface_ana_gas,c_interface_ana_liq,c_interface_err_gas,c_interface_err_liq,c_interface_err_max,c_pairwise_orders
8,1.25,0.78125,0.056244682622873084,-0.0562446826228475,0.19962889352066043,-0.19962889352066043,0.14338421089778736,0.14338421089781295,0.14338421089781295,NaN,0.7350378253881267,0.07350378253881265,0.9234033397304418,0.0923403339730442,0.18836551434231508,0.018836551434231547,0.18836551434231508,NaN
16,0.625,0.1953125,0.12947108734566617,-0.12947108734573134,0.19962889352066043,-0.19962889352066043,0.07015780617499426,0.07015780617492909,0.07015780617499426,1.0312106261781113,0.8849626659515151,0.08849626659515325,0.9234033397304418,0.0923403339730442,0.03844067377892668,0.0038440673778909473,0.03844067377892668,2.292829334161301
32,0.3125,0.048828125,0.1622998941913237,-0.1622998941912971,0.19962889352066043,-0.19962889352066043,0.037328999329336726,0.037328999329363344,0.037328999329363344,0.910306800474613,0.8989813530189743,0.08989813530189744,0.9234033397304418,0.0923403339730442,0.024421986711467447,0.002442198671146756,0.024421986711467447,0.6544530562189365
64,0.15625,0.01220703125,0.19021606034251837,-0.1902160603426154,0.19962889352066043,-0.19962889352066043,0.009412833178142066,0.009412833178045033,0.009412833178142066,1.9875959034723065,0.9174328033054763,0.09174328033054764,0.9234033397304418,0.0923403339730442,0.005970536424965478,0.0005970536424965561,0.005970536424965478,2.0322481054533887
128,0.078125,0.0030517578125,0.19874487245610745,-0.19874487245606606,0.19962889352066043,-0.19962889352066043,0.0008840210645529867,0.0008840210645943702,0.0008840210645943702,3.412476374646204,0.922560649820467,0.09225606498204662,0.9234033397304418,0.0923403339730442,0.0008426899099747143,8.426899099757412e-5,0.0008426899099747143,2.8247868006020753
256,0.0390625,0.000762939453125,0.19891772318360684,-0.19891772318426346,0.19962889352066043,-0.19962889352066043,0.0007111703370535905,0.0007111703363969768,0.0007111703370535905,0.31388559624468093,0.9229827012405726,0.09229827012405767,0.9234033397304418,0.0923403339730442,0.00042063848986917396,4.206384898652882e-5,0.00042063848986917396,1.0024209833767315
