nx,h,dt,qn_mean_gas,qn_mean_liq,qn_mean_ana_gas,qn_mean_ana_liq,qn_err_gas,qn_err_liq,qn_err_max,qn_pairwise_orders,c_interface_gas,c_interface_liq,c_interface_ana_gas,c_interface_ana_liq,c_interface_err_gas,c_interface_err_liq,c_interface_err_max,c_pairwise_orders
8,1.25,0.78125,0.0008801644428901737,-0.0008801639274780957,0.002125602066765157,-0.002125602066765157,0.0012454376238749834,0.0012454381392870612,0.0012454381392870612,NaN,0.9963413772824976,0.000996341377282498,0.547930694307716,0.0001520674829823469,0.4484106829747816,0.0008442738943001511,0.4484106829747816,NaN
16,0.625,0.1953125,0.0015372741634364995,-0.0015372742060025479,0.002125602066765157,-0.002125602066765157,0.0005883279033286576,0.0005883278607626092,0.0005883279033286576,1.081960997522988,0.9987065287909666,0.0009987065287909668,0.547930694307716,0.0001520674829823469,0.45077583448325054,0.0008466390458086199,0.45077583448325054,-0.007589527100781106
32,0.3125,0.048828125,0.0018729912454868126,-0.00187298955527064,0.002125602066765157,-0.002125602066765157,0.0002526108212783445,0.00025261251149451703,0.00025261251149451703,1.2196943670132188,0.9989066366261006,0.0009989066366261007,0.547930694307716,0.0001520674829823469,0.45097594231838456,0.0008468391536437538,0.45097594231838456,-0.0006402972382348709
64,0.15625,0.01220703125,0.002151748066303344,-0.002151746925593742,0.002125602066765157,-0.002125602066765157,2.6145999538187015e-5,2.6144858828584718e-5,2.6145999538187015e-5,3.2722639659845827,0.999123540887424,0.000999123540887424,0.547930694307716,0.0001520674829823469,0.45119284657970804,0.0008470560579050771,0.45119284657970804,-0.0006937209800192626
128,0.078125,0.0030517578125,0.0022368084963827715,-0.0022368127669776952,0.002125602066765157,-0.002125602066765157,0.00011120642961761447,0.00011121070021253817,0.00011121070021253817,-2.0886334753229794,0.9991822334934175,0.0009991822334934175,0.547930694307716,0.0001520674829823469,0.4512515391857015,0.0008471147505110705,0.4512515391857015,-0.00018765817164709264
256,0.0390625,0.000762939453125,0.002238949244713912,-0.0022389610469562894,0.002125602066765157,-0.002125602066765157,0.00011334717794875488,0.00011335898019113229,0.00011335898019113229,-0.02760307992547711,0.9991870570225139,0.0009991870570225136,0.547930694307716,0.0001520674829823469,0.45125636271479785,0.0008471195740401667,0.45125636271479785,-1.5421209038305603e-5
