nx,h,dt,qn_mean_gas,qn_mean_liq,qn_mean_ana_gas,qn_mean_ana_liq,qn_err_gas,qn_err_liq,qn_err_max,qn_pairwise_orders,c_interface_gas,c_interface_liq,c_interface_ana_gas,c_interface_ana_liq,c_interface_err_gas,c_interface_err_liq,c_interface_err_max,c_pairwise_orders
8,1.25,0.78125,0.008408137116293684,-0.00840813661677499,0.023729642061607055,-0.023729642061607055,0.01532150494531337,0.015321505444832064,0.015321505444832064,NaN,0.9646178223393891,0.009646178223393892,0.991962521453952,0.00430480231382837,0.027344699114562943,0.005341375909565522,0.027344699114562943,NaN
16,0.625,0.1953125,0.015124869054534213,-0.015124869590859054,0.023729642061607055,-0.023729642061607055,0.008604773007072842,0.008604772470748001,0.008604773007072842,0.8323490193332136,0.9872111531994928,0.009872111531994927,0.991962521453952,0.00430480231382837,0.0047513682544592095,0.005567309218166556,0.005567309218166556,2.2962090672269344
32,0.3125,0.048828125,0.01848242881150249,-0.01848242832851192,0.023729642061607055,-0.023729642061607055,0.005247213250104566,0.005247213733095134,0.005247213733095134,0.7135855786196238,0.9891506181144174,0.009891506181144172,0.991962521453952,0.00430480231382837,0.002811903339534627,0.005586703867315802,0.005586703867315802,-0.005017134574293546
64,0.15625,0.01220703125,0.021274130817976123,-0.021274130392117185,0.023729642061607055,-0.023729642061607055,0.002455511243630932,0.0024555116694898703,0.0024555116694898703,1.095527877253562,0.9912879695071699,0.0099128796950717,0.991962521453952,0.00430480231382837,0.0006745519467821204,0.005608077381243329,0.005608077381243329,-0.0055089062183765695
128,0.078125,0.0030517578125,0.022125849218252266,-0.0221258521144526,0.023729642061607055,-0.023729642061607055,0.0016037928433547885,0.0016037899471544534,0.0016037928433547885,0.6145358731094785,0.9918677756483908,0.009918677756483906,0.991962521453952,0.00430480231382837,9.474580556123602e-5,0.005613875442655535,0.005613875442655535,-0.0014907984950132962
256,0.0390625,0.000762939453125,0.02214693359578909,-0.022146937942070632,0.023729642061607055,-0.023729642061607055,0.0015827084658179662,0.0015827041195364232,0.0015827084658179662,0.0190922694803132,0.9919153960521122,0.009919153960521124,0.991962521453952,0.00430480231382837,4.712540183982039e-5,0.005614351646692754,0.005614351646692754,-0.00012237322916456902
