nx,h,dt,qn_mean_gas,qn_mean_liq,qn_mean_ana_gas,qn_mean_ana_liq,qn_err_gas,qn_err_liq,qn_err_max,qn_pairwise_orders,c_interface_gas,c_interface_liq,c_interface_ana_gas,c_interface_ana_liq,c_interface_err_gas,c_interface_err_liq,c_interface_err_max,c_pairwise_orders
8,1.25,0.78125,0.008408132450719873,-0.008408132452834253,0.023729638944449318,-0.023729638944449318,0.015321506493729445,0.015321506491615065,0.015321506493729445,NaN,0.964617366676757,0.00964617366676757,0.9919619781798121,0.009919619781798122,0.027344611503055116,0.0002734461150305529,0.027344611503055116,NaN
16,0.625,0.1953125,0.01512467592460598,-0.015124675926544274,0.023729638944449318,-0.023729638944449318,0.008604963019843339,0.008604963017905044,0.008604963019843339,0.8323172604944268,0.9872247796065402,0.009872247796065398,0.9919619781798121,0.009919619781798122,0.004737198573271928,4.737198573272379e-5,0.004737198573271928,2.5291505122376257
32,0.3125,0.048828125,0.018482424014052635,-0.018482424029455137,0.023729638944449318,-0.023729638944449318,0.005247214930396683,0.005247214914994181,0.005247214930396683,0.7136171070320911,0.9891501503765792,0.009891501503765792,0.9919619781798121,0.009919619781798122,0.002811827803232969,2.8118278032330385e-5,0.002811827803232969,0.7525259016398742
64,0.15625,0.01220703125,0.021274126093597117,-0.02127412609227376,0.023729638944449318,-0.023729638944449318,0.002455512850852201,0.0024555128521755593,0.0024555128521755593,1.095527511578429,0.9912874422937371,0.009912874422937368,0.9919619781798121,0.009919619781798122,0.0006745358860750228,6.745358860754322e-6,0.0006745358860750228,2.059541142907337
128,0.078125,0.0030517578125,0.02212584777974731,-0.02212584778779745,0.023729638944449318,-0.023729638944449318,0.0016037911647020092,0.0016037911566518688,0.0016037911647020092,0.6145380780128525,0.9918672295744816,0.009918672295744814,0.9919619781798121,0.009919619781798122,9.47486053305413e-5,9.474860533081192e-7,9.47486053305413e-5,2.8317185856909
256,0.0390625,0.000762939453125,0.022146933461110473,-0.02214693349332323,0.023729638944449318,-0.023729638944449318,0.0015827054833388449,0.001582705451126088,0.0015827054833388449,0.01909347808240265,0.9919148466317927,0.009919148466317928,0.9919619781798121,0.009919619781798122,4.713154801938568e-5,4.7131548019420377e-7,4.713154801938568e-5,1.0074116404751443
