nx,h,dt,qn_mean_gas,qn_mean_liq,qn_mean_ana_gas,qn_mean_ana_liq,qn_err_gas,qn_err_liq,qn_err_max,qn_pairwise_orders,c_interface_gas,c_interface_liq,c_interface_ana_gas,c_interface_ana_liq,c_interface_err_gas,c_interface_err_liq,c_interface_err_max,c_pairwise_orders
8,1.25,0.78125,0.12684081312921813,-0.12684081312921822,1.1671293613256428,-1.1671293613256428,1.0402885481964246,1.0402885481964246,1.0402885481964246,NaN,0.06106963601787228,0.6106963601787224,0.06377773957080994,0.6377773049058575,0.0027081035529376643,0.02708094472713507,0.02708094472713507,NaN
16,0.625,0.1953125,0.5895469105050555,-0.5895469105050556,1.1671293613256428,-1.1671293613256428,0.5775824508205873,0.5775824508205872,0.5775824508205873,0.8488849354881212,0.0963392502059011,0.9633925020590102,0.06377773957080994,0.6377773049058575,0.03256151063509116,0.3256151971531527,0.3256151971531527,-3.587818061052383
32,0.3125,0.048828125,0.8110028577173476,-0.8110028577173478,1.1671293613256428,-1.1671293613256428,0.35612650360829523,0.356126503608295,0.35612650360829523,0.6976371004677346,0.05542593617607741,0.5542593617607742,0.06377773957080994,0.6377773049058575,0.00835180339473253,0.08351794314508332,0.08351794314508332,1.963009947622556
64,0.15625,0.01220703125,1.0739594803859003,-1.073959480385897,1.1671293613256428,-1.1671293613256428,0.09316988093974254,0.09316988093974587,0.09316988093974587,1.934454252966364,0.06158470365750502,0.6158470365750502,0.06377773957080994,0.6377773049058575,0.0021930359133049207,0.021930268330807245,0.021930268330807245,1.9291627176708386
128,0.078125,0.0030517578125,1.1574163329647975,-1.1574163329647984,1.1671293613256428,-1.1671293613256428,0.00971302836084531,0.009713028360844422,0.00971302836084531,3.261870570478274,0.06343336244514144,0.6343336244514145,0.06377773957080994,0.6377773049058575,0.0003443771256684963,0.0034436804544429878,0.0034436804544429878,2.670900280728596
256,0.0390625,0.000762939453125,1.1600246554252276,-1.160024655425221,1.1671293613256428,-1.1671293613256428,0.007104705900415231,0.007104705900421893,0.007104705900421893,0.45114624383493074,0.06362540666073026,0.6362540666073024,0.06377773957080994,0.6377773049058575,0.0001523329100796833,0.0015232382985550519,0.0015232382985550519,1.1768096208890364
