nx,h,dt,qn_mean_gas,qn_mean_liq,qn_mean_ana_gas,qn_mean_ana_liq,qn_err_gas,qn_err_liq,qn_err_max,qn_pairwise_orders,c_interface_gas,c_interface_liq,c_interface_ana_gas,c_interface_ana_liq,c_interface_err_gas,c_interface_err_liq,c_interface_err_max,c_pairwise_orders
8,1.25,0.78125,0.0008801592030098939,-0.00088015920296354,0.0022460312192650626,-0.0022460312192650626,0.0013658720162551688,0.0013658720163015226,0.0013658720163015226,NaN,0.9963363319144415,0.0009963363319144415,0.999186200250984,0.0009991862002509846,0.0028498683365425492,2.849868336543158e-6,0.0028498683365425492,NaN
16,0.625,0.1953125,0.0015372661229159238,-0.0015372661229107595,0.0022460312192650626,-0.0022460312192650626,0.0007087650963491388,0.0007087650963543031,0.0007087650963543031,0.9464428436587633,0.9987035426551912,0.0009987035426561386,0.999186200250984,0.0009991862002509846,0.00048265759579280143,4.826575948459807e-7,0.00048265759579280143,2.5618232800178187
32,0.3125,0.048828125,0.0018729849197263455,-0.0018729849196633958,0.0022460312192650626,-0.0022460312192650626,0.0003730462995387171,0.00037304629960166675,0.00037304629960166675,0.9259528614231771,0.9989017774393475,0.0009989017774393477,0.999186200250984,0.0009991862002509846,0.00028442281163654215,2.844228116369654e-7,0.00028442281163654215,0.7629629049660672
64,0.15625,0.01220703125,0.002151742307590808,-0.002151742307493389,0.0022460312192650626,-0.0022460312192650626,9.428891167425442e-5,9.428891177167345e-5,9.428891177167345e-5,1.9841946703555584,0.9991180948549525,0.0009991180948549527,0.999186200250984,0.0009991862002509846,6.810539603152588e-5,6.810539603194915e-8,6.810539603152588e-5,2.0621961649672533
128,0.078125,0.0030517578125,0.0022368081944330433,-0.0022368081947701586,0.0022460312192650626,-0.0022460312192650626,9.223024832019297e-6,9.223024494903979e-6,9.223024832019297e-6,3.3537762349268845,0.9991766158818811,0.0009991766158822107,0.999186200250984,0.0009991862002509846,9.58436910292182e-6,9.584368773889879e-9,9.58436910292182e-6,2.8290137345323787
256,0.0390625,0.000762939453125,0.0022389565173396753,-0.002238956517526549,0.0022460312192650626,-0.0022460312192650626,7.074701925387315e-6,7.0747017385137945e-6,7.074701925387315e-6,0.38257061722849917,0.9991814465345382,0.0009991814465344117,0.999186200250984,0.0009991862002509846,4.75371644581557e-6,4.7537165729413106e-9,4.75371644581557e-6,1.0116276181118653
