nx,h,dt,qn_mean_gas,qn_mean_liq,qn_mean_ana_gas,qn_mean_ana_liq,qn_err_gas,qn_err_liq,qn_err_max,qn_pairwise_orders,c_interface_gas,c_interface_liq,c_interface_ana_gas,c_interface_ana_liq,c_interface_err_gas,c_interface_err_liq,c_interface_err_max,c_pairwise_orders
8,1.25,0.78125,0.0012197137236848478,-0.0012197137244090164,0.0021277238904815533,-0.0021277238904815533,0.0009080101667967055,0.0009080101660725369,0.0009080101667967055,NaN,0.0004408057517511078,0.4408057517511076,0.0006948548268665976,0.6948548268665976,0.0002540490751154898,0.25404907511549,0.25404907511549,NaN
16,0.625,0.1953125,0.003568275206380474,-0.003568275205260777,0.0021277238904815533,-0.0021277238904815533,0.0014405513158989207,0.0014405513147792235,0.0014405513158989207,-0.6658406974079418,0.0006734348981074689,0.6734348981074685,0.0006948548268665976,0.6948548268665976,2.1419928759128693e-5,0.021419928759129125,0.021419928759129125,3.568081624979698
32,0.3125,0.048828125,0.001298834545233962,-0.001298834476309063,0.0021277238904815533,-0.0021277238904815533,0.0008288893452475913,0.0008288894141724903,0.0008288894141724903,0.7973695103738716,0.0005083641512903832,0.5083641512903831,0.0006948548268665976,0.6948548268665976,0.00018649067557621442,0.18649067557621446,0.18649067557621446,-3.1220779114555093
64,0.15625,0.01220703125,0.001854692526129003,-0.0018546925246519669,0.0021277238904815533,-0.0021277238904815533,0.00027303136435255027,0.00027303136582958643,0.00027303136582958643,1.602112940790638,0.0006366824273089499,0.6366824273089499,0.0006948548268665976,0.6948548268665976,5.817239955764771e-5,0.05817239955764775,0.05817239955764775,1.6806967780414137
128,0.078125,0.0030517578125,0.002110127814558998,-0.0021101275766077575,0.0021277238904815533,-0.0021277238904815533,1.7596075922555066e-5,1.759631387379581e-5,1.759631387379581e-5,3.9557215516610835,0.0006863069276505717,0.6863069276505719,0.0006948548268665976,0.6948548268665976,8.547899216025884e-6,0.008547899216025723,0.008547899216025723,2.766693012108529
256,0.0390625,0.000762939453125,0.0021061168954343876,-0.0021061169228099126,0.0021277238904815533,-0.0021277238904815533,2.1606995047165727e-5,2.1606967671640703e-5,2.1606995047165727e-5,-0.29622520538021313,0.0006904504546051726,0.690450454605173,0.0006948548268665976,0.6948548268665976,4.404372261424981e-6,0.0044043722614246494,0.0044043722614246494,0.9566334860955545
