nx,h,dt,qn_mean_gas,qn_mean_liq,qn_mean_ana_gas,qn_mean_ana_liq,qn_err_gas,qn_err_liq,qn_err_max,qn_pairwise_orders,c_interface_gas,c_interface_liq,c_interface_ana_gas,c_interface_ana_liq,c_interface_err_gas,c_interface_err_liq,c_interface_err_max,c_pairwise_orders
8,1.25,0.78125,0.011075496096385024,-0.011075496096374982,0.021366251250677027,-0.021366251250677027,0.010290755154292003,0.010290755154302045,0.010290755154302045,NaN,0.0047744515409049604,0.47744515409049587,0.006972414029447378,0.6972414029447378,0.002197962488542418,0.21979624885424193,0.21979624885424193,NaN
16,0.625,0.1953125,0.03364246970053376,-0.03364246970101821,0.021366251250677027,-0.021366251250677027,0.01227621844985673,0.012276218450341183,0.012276218450341183,-0.25451736962148785,0.00708547702341412,0.7085477023414113,0.006972414029447378,0.6972414029447378,0.00011306299396674196,0.011306299396673491,0.011306299396673491,4.280968053750213
32,0.3125,0.048828125,0.01311032540860138,-0.013110325408624557,0.021366251250677027,-0.021366251250677027,0.008255925842075648,0.00825592584205247,0.008255925842075648,0.5723643062338539,0.005105255308334636,0.5105255308334635,0.006972414029447378,0.6972414029447378,0.0018671587211127423,0.18671587211127427,0.18671587211127427,-4.04564586057009
64,0.15625,0.01220703125,0.018641016384694224,-0.018641016384708397,0.021366251250677027,-0.021366251250677027,0.002725234865982803,0.00272523486596863,0.002725234865982803,1.5990494424923591,0.006389607459902997,0.6389607459902995,0.006972414029447378,0.6972414029447378,0.0005828065695443812,0.05828065695443829,0.05828065695443829,1.6797555265742539
128,0.078125,0.0030517578125,0.02119243742816593,-0.02119243742828595,0.021366251250677027,-0.021366251250677027,0.00017381382251109578,0.0001738138223910772,0.00017381382251109578,3.970765847606038,0.006886847564287782,0.6886847564287781,0.006972414029447378,0.6972414029447378,8.55664651595962e-5,0.008556646515959665,0.008556646515959665,2.7678997422384333
256,0.0390625,0.000762939453125,0.021149737691361963,-0.021149737691575323,0.021366251250677027,-0.021366251250677027,0.00021651355931506452,0.00021651355910170395,0.00021651355931506452,-0.3169145608178378,0.0069282469394266275,0.6928246939426632,0.006972414029447378,0.6972414029447378,4.416709002075074e-5,0.004416709002074581,0.004416709002074581,0.9540737100203986
