nx,h,dt,qn_mean_gas,qn_mean_liq,qn_mean_ana_gas,qn_mean_ana_liq,qn_err_gas,qn_err_liq,qn_err_max,qn_pairwise_orders,c_interface_gas,c_interface_liq,c_interface_ana_gas,c_interface_ana_liq,c_interface_err_gas,c_interface_err_liq,c_interface_err_max,c_pairwise_orders
8,1.25,0.78125,0.012984571544106361,-0.012984571544105749,0.02223242589691467,-0.02223242589691467,0.00924785435280831,0.009247854352808922,0.009247854352808922,NaN,0.004813019207583371,0.48130192075833683,0.007026920855024807,0.7026920855024807,0.0022139016474414363,0.2213901647441439,0.2213901647441439,NaN
16,0.625,0.1953125,0.052422118217467395,-0.052422118217474695,0.02223242589691467,-0.02223242589691467,0.030189692320552724,0.030189692320560024,0.030189692320560024,-1.706865471943438,0.008126660814933432,0.8126660814933423,0.007026920855024807,0.7026920855024807,0.0010997399599086254,0.10997399599086155,0.10997399599086155,1.0094287016267331
32,0.3125,0.048828125,0.013960584481168787,-0.013960584481168568,0.02223242589691467,-0.02223242589691467,0.008271841415745884,0.008271841415746103,0.008271841415746103,1.8677756213531194,0.0050993718647754475,0.5099371864775446,0.007026920855024807,0.7026920855024807,0.0019275489902493594,0.19275489902493614,0.19275489902493614,-0.809605097688573
64,0.15625,0.01220703125,0.01944029290176444,-0.019440292901764293,0.02223242589691467,-0.02223242589691467,0.0027921329951502323,0.002792132995150378,0.002792132995150378,1.566840865402574,0.006431769224523621,0.6431769224523622,0.007026920855024807,0.7026920855024807,0.0005951516305011855,0.0595151630501185,0.0595151630501185,1.6954383430937814
128,0.078125,0.0030517578125,0.02208401809070122,-0.02208401809070088,0.02223242589691467,-0.02223242589691467,0.00014840780621344987,0.00014840780621378988,0.00014840780621378988,4.233728777306274,0.0069394467776632855,0.6939446777663285,0.007026920855024807,0.7026920855024807,8.747407736152141e-5,0.008747407736152235,0.008747407736152235,2.766329831946769
256,0.0390625,0.000762939453125,0.022011048945513093,-0.0220110489455035,0.02223242589691467,-0.02223242589691467,0.00022137695140157787,0.0002213769514111709,0.0002213769514111709,-0.5769380448605017,0.0069820545146860955,0.6982054514686094,0.007026920855024807,0.7026920855024807,4.486634033871138e-5,0.004486634033871395,0.004486634033871395,0.9632220316789795
