nx,h,dt,qn_mean_gas,qn_mean_liq,qn_mean_ana_gas,qn_mean_ana_liq,qn_err_gas,qn_err_liq,qn_err_max,qn_pairwise_orders,c_interface_gas,c_interface_liq,c_interface_ana_gas,c_interface_ana_liq,c_interface_err_gas,c_interface_err_liq,c_interface_err_max,c_pairwise_orders
8,1.25,0.78125,0.1187441476566227,-0.11874414765662271,1.2161652349703624,-1.2161652349703624,1.0974210873137398,1.0974210873137398,1.0974210873137398,NaN,0.0006688773007163065,0.6688773007163061,0.000568015211332258,0.6789491675306317,0.00010086208938404851,0.010071866814325592,0.010071866814325592,NaN
16,0.625,0.1953125,0.5959205904934999,-0.5959205904934998,1.2161652349703624,-1.2161652349703624,0.6202446444768626,0.6202446444768627,0.6202446444768627,0.823207924769648,0.001273171881540005,1.2731718815400042,0.000568015211332258,0.6789491675306317,0.0007051566702077471,0.5942227140093724,0.5942227140093724,-5.8826007369904465
32,0.3125,0.048828125,0.8271038383701657,-0.827103838370166,1.2161652349703624,-1.2161652349703624,0.3890613966001968,0.38906139660019645,0.3890613966001968,0.6728395326625348,0.0005880793128451125,0.5880793128451125,0.000568015211332258,0.6789491675306317,2.0064101512854522e-5,0.09086985468551922,0.09086985468551922,2.709130075987797
64,0.15625,0.01220703125,1.1155283912793275,-1.1155283912793257,1.2161652349703624,-1.2161652349703624,0.10063684369103498,0.10063684369103676,0.10063684369103676,1.950839260226372,0.0006526103879176769,0.6526103879176769,0.000568015211332258,0.6789491675306317,8.459517658541895e-5,0.026338779612954832,0.026338779612954832,1.7866132707905984
128,0.078125,0.0030517578125,1.2066066124287227,-1.206606612428724,1.2161652349703624,-1.2161652349703624,0.00955862254163975,0.009558622541638417,0.00955862254163975,3.3962120384140078,0.0006745235786989034,0.6745235786989034,0.000568015211332258,0.6789491675306317,0.00010650836736664541,0.004425588831728278,0.004425588831728278,2.5732471750005694
256,0.0390625,0.000762939453125,1.2095208737067142,-1.2095208737067122,1.2161652349703624,-1.2161652349703624,0.006644361263648202,0.0066443612636502,0.0066443612636502,0.5246722147701512,0.0006771193962887327,0.6771193962887329,0.000568015211332258,0.6789491675306317,0.00010910418495647478,0.0018297712418988699,0.0018297712418988699,1.2742061268976352
