nx,h,dt,qn_mean_gas,qn_mean_liq,qn_mean_ana_gas,qn_mean_ana_liq,qn_err_gas,qn_err_liq,qn_err_max,qn_pairwise_orders,c_interface_gas,c_interface_liq,c_interface_ana_gas,c_interface_ana_liq,c_interface_err_gas,c_interface_err_liq,c_interface_err_max,c_pairwise_orders
8,1.25,0.78125,0.056256535535684125,-0.05625653525943518,0.20929656669420119,-0.20929656669420119,0.15304003115851705,0.15304003143476602,0.15304003143476602,NaN,0.7352341313470381,0.07352341313470383,0.9238821751061583,0.09423801798258619,0.18864804375912025,0.02071460484788236,0.18864804375912025,NaN
16,0.625,0.1953125,0.12952215593756394,-0.1295221566905749,0.20929656669420119,-0.20929656669420119,0.07977441075663724,0.07977441000362628,0.07977441075663724,0.9399111227531572,0.8851441613179498,0.088514416131795,0.9238821751061583,0.09423801798258619,0.038738013788208514,0.005723601850791182,0.038738013788208514,2.2838752500425668
32,0.3125,0.048828125,0.16232038103428362,-0.1623203810069678,0.20929656669420119,-0.20929656669420119,0.04697618565991757,0.046976185687233385,0.046976185687233385,0.7639964712808749,0.8993434644281504,0.08993434644281505,0.9238821751061583,0.09423801798258619,0.024538710678007947,0.0043036715397711395,0.024538710678007947,0.6586905362466896
64,0.15625,0.01220703125,0.1902336232252247,-0.1902336236256684,0.20929656669420119,-0.20929656669420119,0.019062943468976495,0.01906294306853279,0.019062943468976495,1.3011586760303628,0.917855869034269,0.09178558690342689,0.9238821751061583,0.09423801798258619,0.006026306071889365,0.002452431079159295,0.006026306071889365,2.0257135949945
128,0.078125,0.0030517578125,0.19876143337714214,-0.1987614369210818,0.20929656669420119,-0.20929656669420119,0.010535133317059048,0.010535129773119378,0.010535133317059048,0.8555623290679595,0.9230016403448729,0.09230016403448728,0.9238821751061583,0.09423801798258619,0.0008805347612854675,0.0019378539480989082,0.0019378539480989082,1.6368141062544346
256,0.0390625,0.000762939453125,0.1989338757960588,-0.19893387935391446,0.20929656669420119,-0.20929656669420119,0.010362690898142374,0.010362687340286725,0.010362690898142374,0.023809892056931608,0.923422887694137,0.09234228876941374,0.9238821751061583,0.09423801798258619,0.00045928741202128087,0.0018957292131724507,0.0018957292131724507,0.03170693828189909
