nx,h,dt,qn_mean_gas,qn_mean_liq,qn_mean_ana_gas,qn_mean_ana_liq,qn_err_gas,qn_err_liq,qn_err_max,qn_pairwise_orders,c_interface_gas,c_interface_liq,c_interface_ana_gas,c_interface_ana_liq,c_interface_err_gas,c_interface_err_liq,c_interface_err_max,c_pairwise_orders
8,1.25,0.78125,0.0032973298994315894,-0.003297329899431451,0.002214695051242772,-0.002214695051242772,0.0010826348481888172,0.0010826348481886789,0.0010826348481888172,NaN,0.00044543124417037645,0.44543124417037633,0.0007003188082542395,0.7003188082542393,0.00025488756408386304,0.254887564083863,0.254887564083863,NaN
16,0.625,0.1953125,0.023065873782908777,-0.023065873782907437,0.002214695051242772,-0.002214695051242772,0.020851178731666004,0.020851178731664664,0.020851178731666004,-4.2675103055873596,0.0009012912297892156,0.9012912297892147,0.0007003188082542395,0.7003188082542393,0.0002009724215349761,0.2009724215349754,0.2009724215349754,0.342863445274726
32,0.3125,0.048828125,0.0016173080946493695,-0.0016173080946497386,0.002214695051242772,-0.002214695051242772,0.0005973869565934027,0.0005973869565930336,0.0005973869565934027,5.125319394261452,0.0005002896080376368,0.5002896080376368,0.0007003188082542395,0.7003188082542393,0.00020002920021660263,0.20002920021660253,0.20002920021660253,0.006786921320299666
64,0.15625,0.01220703125,0.0019245480737802463,-0.001924548073781573,0.002214695051242772,-0.002214695051242772,0.0002901469774625259,0.00029014697746119924,0.0002901469774625259,1.041881838009302,0.000639593732750374,0.639593732750374,0.0007003188082542395,0.7003188082542393,6.07250755038655e-5,0.0607250755038653,0.0607250755038653,1.7198463358817804
128,0.078125,0.0030517578125,0.002198292838252083,-0.0021982928382525578,0.002214695051242772,-0.002214695051242772,1.6402212990689318e-5,1.6402212990214438e-5,1.6402212990689318e-5,4.144821518170514,0.0006910750661236779,0.6910750661236779,0.0007003188082542395,0.7003188082542393,9.243742130561573e-6,0.00924374213056145,0.00924374213056145,2.71574345954805
256,0.0390625,0.000762939453125,0.002192507286443948,-0.0021925072864390056,0.002214695051242772,-0.002214695051242772,2.2187764798824e-5,2.218776480376666e-5,2.218776480376666e-5,-0.4358738609519527,0.0006957898572891578,0.6957898572891574,0.0007003188082542395,0.7003188082542393,4.5289509650817e-6,0.004528950965081879,0.004528950965081879,1.029300094584147
