nx,h,dt,qn_mean_gas,qn_mean_liq,qn_mean_ana_gas,qn_mean_ana_liq,qn_err_gas,qn_err_liq,qn_err_max,qn_pairwise_orders,c_interface_gas,c_interface_liq,c_interface_ana_gas,c_interface_ana_liq,c_interface_err_gas,c_interface_err_liq,c_interface_err_max,c_pairwise_orders
8,1.25,0.78125,0.08751938818494001,-0.08751938818806179,0.7933244469516857,-0.7933244469516857,0.7058050587667457,0.7058050587636239,0.7058050587667457,NaN,0.2739756417135123,0.2739756417135122,0.5137767466961347,0.5137767466961348,0.23980110498262242,0.23980110498262264,0.23980110498262264,NaN
16,0.625,0.1953125,0.43828807295018785,-0.43828807390153646,0.7933244469516857,-0.7933244469516857,0.35503637400149785,0.35503637305014923,0.35503637400149785,0.9913029320558363,0.4390682004849265,0.43906820048492645,0.5137767466961347,0.5137767466961348,0.0747085462112082,0.07470854621120837,0.07470854621120837,1.6824931133224825
32,0.3125,0.048828125,0.5667950285436232,-0.5667950283266087,0.7933244469516857,-0.7933244469516857,0.2265294184080625,0.22652941862507703,0.22652941862507703,0.6482684179660477,0.4337567660319296,0.4337567660319297,0.5137767466961347,0.5137767466961348,0.08001998066420513,0.08001998066420513,0.08001998066420513,-0.09908699192940447
64,0.15625,0.01220703125,0.7327607532329878,-0.7327607529930734,0.7933244469516857,-0.7933244469516857,0.06056369371869785,0.060563693958612275,0.060563693958612275,1.9031733131110107,0.49167044420344286,0.49167044420344286,0.5137767466961347,0.5137767466961348,0.022106302492691854,0.022106302492691965,0.022106302492691965,1.8559025403819773
128,0.078125,0.0030517578125,0.7887721679882954,-0.7887721663740034,0.7933244469516857,-0.7933244469516857,0.004552278963390277,0.0045522805776823105,0.0045522805776823105,3.7337918169088566,0.5105413666652807,0.5105413666652807,0.5137767466961347,0.5137767466961348,0.003235380030853996,0.003235380030854107,0.003235380030854107,2.772450652060444
256,0.0390625,0.000762939453125,0.788412487703772,-0.7884124916891754,0.7933244469516857,-0.7933244469516857,0.004911959247913655,0.004911955262510315,0.004911959247913655,-0.10970911121516862,0.5120490547904609,0.5120490547904608,0.5137767466961347,0.5137767466961348,0.0017276919056737894,0.0017276919056740114,0.0017276919056740114,0.905089213737151
