nx,h,dt,qn_mean_gas,qn_mean_liq,qn_mean_ana_gas,qn_mean_ana_liq,qn_err_gas,qn_err_liq,qn_err_max,qn_pairwise_orders,c_interface_gas,c_interface_liq,c_interface_ana_gas,c_interface_ana_liq,c_interface_err_gas,c_interface_err_liq,c_interface_err_max,c_pairwise_orders
8,1.25,0.78125,0.0008796886695380251,-0.0008796886695383559,0.002245043895589132,-0.002245043895589132,0.0013653552260511068,0.0013653552260507761,0.0013653552260511068,NaN,0.995837227340084,0.0009958372273400841,0.9985758341522776,0.0009985758341522779,0.0027386068121936225,2.738606812193768e-6,0.0027386068121936225,NaN
16,0.625,0.1953125,0.0015366251696564157,-0.0015366251696563055,0.002245043895589132,-0.002245043895589132,0.0007084187259327162,0.0007084187259328264,0.0007084187259328264,0.9466020945444803,0.9982679606698205,0.0009982679606698112,0.9985758341522776,0.0009985758341522779,0.00030787348245708834,3.0787348246665014e-7,0.00030787348245708834,3.153032633360494
32,0.3125,0.048828125,0.0018722864378540299,-0.0018722864378533965,0.002245043895589132,-0.002245043895589132,0.00037275745773510203,0.0003727574577357354,0.0003727574577357354,0.9263651312549332,0.998395598976365,0.0009983955989763648,0.9985758341522776,0.0009985758341522779,0.00018023517591259086,1.802351759130471e-7,0.00018023517591259086,0.7724570068100187
64,0.15625,0.01220703125,0.002150831430784453,-0.0021508314307850007,0.002245043895589132,-0.002245043895589132,9.421246480467889e-5,9.421246480413115e-5,9.421246480467889e-5,1.9842473629875261,0.9985376025337659,0.000998537602533766,0.9985758341522776,0.0009985758341522779,3.8231618511685994e-5,3.82316185118612e-8,3.8231618511685994e-5,2.2370424225548184
128,0.078125,0.0030517578125,0.002235823958432181,-0.0022358239584352687,0.002245043895589132,-0.002245043895589132,9.219937156950981e-6,9.219937153863173e-6,9.219937156950981e-6,3.353089126211004,0.9985705748911229,0.0009985705748911248,0.9985758341522776,0.0009985758341522779,5.259261154688666e-6,5.259261153097924e-9,5.259261154688666e-6,2.861834234659729
256,0.0390625,0.000762939453125,0.002237974497796719,-0.0022379744977957653,0.002245043895589132,-0.002245043895589132,7.069397792412897e-6,7.0693977933665615e-6,7.0693977933665615e-6,0.38316959299004416,0.9985730933731843,0.0009985730933731824,0.9985758341522776,0.0009985758341522779,2.740779093235446e-6,2.740779095431606e-9,2.740779093235446e-6,0.9402740856410655
