nx,h,dt,qn_mean_gas,qn_mean_liq,qn_mean_ana_gas,qn_mean_ana_liq,qn_err_gas,qn_err_liq,qn_err_max,qn_pairwise_orders,c_interface_gas,c_interface_liq,c_interface_ana_gas,c_interface_ana_liq,c_interface_err_gas,c_interface_err_liq,c_interface_err_max,c_pairwise_orders
8,1.25,0.78125,0.008365979016022295,-0.008365979016022117,0.022121805461225382,-0.022121805461225382,0.013755826445203087,0.013755826445203265,0.013755826445203265,NaN,0.960036286238158,0.00960036286238158,0.9859344311338821,0.009859344311338824,0.025898144895724173,0.00025898144895724305,0.025898144895724173,NaN
16,0.625,0.1953125,0.01506282720225493,-0.015062827202255068,0.022121805461225382,-0.022121805461225382,0.0070589782589704515,0.007058978258970314,0.0070589782589704515,0.9625115358378702,0.9829765059406221,0.009829765059406238,0.9859344311338821,0.009859344311338824,0.0029579251932599915,2.9579251932585968e-5,0.0029579251932599915,3.130191288386794
32,0.3125,0.048828125,0.018414892211307807,-0.01841489221130765,0.022121805461225382,-0.022121805461225382,0.0037069132499175754,0.0037069132499177315,0.0037069132499177315,0.9292410246637843,0.9841752896011984,0.009841752896011984,0.9859344311338821,0.009859344311338824,0.00175914153268375,1.759141532683972e-5,0.00175914153268375,0.7497140064552581
64,0.15625,0.01220703125,0.021185678243976932,-0.021185678243975017,0.022121805461225382,-0.022121805461225382,0.0009361272172484503,0.0009361272172503654,0.0009361272172503654,1.9854418465106107,0.985560077575472,0.009855600775754722,0.9859344311338821,0.009859344311338824,0.0003743535584100899,3.7435355841018703e-6,0.0003743535584100899,2.2323981871553906
128,0.078125,0.0030517578125,0.022030206261102917,-0.02203020626110271,0.022121805461225382,-0.022121805461225382,9.159920012246497e-5,9.159920012267314e-5,9.159920012267314e-5,3.3532976962746193,0.9858829186387269,0.009858829186387268,0.9859344311338821,0.009859344311338824,5.1512495155225935e-5,5.1512495155559e-7,5.1512495155225935e-5,2.861407140089213
256,0.0390625,0.000762939453125,0.022051521690775237,-0.022051521690779303,0.022121805461225382,-0.022121805461225382,7.02837704501455e-5,7.028377044607931e-5,7.02837704501455e-5,0.38214341185852135,0.9859076270510719,0.009859076270510723,0.9859344311338821,0.009859344311338824,2.680408281019453e-5,2.680408281007657e-7,2.680408281019453e-5,0.9424696534278282
