nx,h,dt,qn_mean_gas,qn_mean_liq,qn_mean_ana_gas,qn_mean_ana_liq,qn_err_gas,qn_err_liq,qn_err_max,qn_pairwise_orders,c_interface_gas,c_interface_liq,c_interface_ana_gas,c_interface_ana_liq,c_interface_err_gas,c_interface_err_liq,c_interface_err_max,c_pairwise_orders
8,1.25,0.78125,0.055130427619485875,-0.05513042761948585,0.2229554991397762,-0.2229554991397762,0.1678250715202903,0.16782507152029036,0.16782507152029036,NaN,0.056277236461818494,0.5627723646181846,0.07173982077573189,0.7173809970007159,0.015462584313913397,0.1546086323825313,0.1546086323825313,NaN
16,0.625,0.1953125,0.22549101889165743,-0.22549101889165046,0.2229554991397762,-0.2229554991397762,0.002535519751881238,0.002535519751874271,0.002535519751881238,6.0485329338606,0.0786411034832501,0.7864110348325005,0.07173982077573189,0.7173809970007159,0.006901282707518205,0.06903003783178463,0.06903003783178463,1.1633246925496112
32,0.3125,0.048828125,0.14529772270339428,-0.14529772270339816,0.2229554991397762,-0.2229554991397762,0.07765777643638191,0.07765777643637803,0.07765777643638191,-4.936776981105108,0.05310181582688957,0.5310181582688956,0.07173982077573189,0.7173809970007159,0.018638004948842324,0.18636283873182025,0.18636283873182025,-1.4328180312056378
64,0.15625,0.01220703125,0.19735589858053287,-0.19735589858053887,0.2229554991397762,-0.2229554991397762,0.02559960055924332,0.025599600559237323,0.02559960055924332,1.6010090999082531,0.0659293768347992,0.6592937683479919,0.07173982077573189,0.7173809970007159,0.005810443940932691,0.05808722865272398,0.05808722865272398,1.6818213057743683
128,0.078125,0.0030517578125,0.2217093944542233,-0.22170939445423282,0.2229554991397762,-0.2229554991397762,0.0012461046855528901,0.00124610468554337,0.0012461046855528901,4.36062411973435,0.070897895937311,0.70897895937311,0.07173982077573189,0.7173809970007159,0.000841924838420896,0.00840203762760594,0.00840203762760594,2.7894098484776175
256,0.0390625,0.000762939453125,0.2208095577128431,-0.220809557712801,0.2229554991397762,-0.2229554991397762,0.0021459414269330845,0.0021459414269751897,0.0021459414269751897,-0.7841854239618635,0.07129506850184822,0.7129506850184819,0.07173982077573189,0.7173809970007159,0.00044475227388367233,0.004430311982233981,0.004430311982233981,0.9233309499577148
