nx,h,dt,qn_mean_gas,qn_mean_liq,qn_mean_ana_gas,qn_mean_ana_liq,qn_err_gas,qn_err_liq,qn_err_max,qn_pairwise_orders,c_interface_gas,c_interface_liq,c_interface_ana_gas,c_interface_ana_liq,c_interface_err_gas,c_interface_err_liq,c_interface_err_max,c_pairwise_orders
8,1.25,0.78125,0.05498496947138263,-0.054984969471382865,0.19274067219208835,-0.19274067219208835,0.13775570272070572,0.13775570272070548,0.13775570272070572,NaN,0.7158196460019178,0.07158196460019178,0.8748519765771382,0.08748519765771384,0.15903233057522037,0.01590323305752206,0.15903233057522037,NaN
16,0.625,0.1953125,0.1255162188217927,-0.1255162188217924,0.19274067219208835,-0.19274067219208835,0.06722445337029564,0.06722445337029595,0.06722445337029595,1.035054019669517,0.8547101187214479,0.0854710118721448,0.8748519765771382,0.08748519765771384,0.020141857855690337,0.002014185785569042,0.020141857855690337,2.9810514222114737
32,0.3125,0.048828125,0.15780720111423238,-0.15780720111423166,0.19274067219208835,-0.19274067219208835,0.034933471077855965,0.03493347107785669,0.03493347107785669,0.9443761193229597,0.8608443532797855,0.08608443532797853,0.8748519765771382,0.08748519765771384,0.014007623297352723,0.0014007623297353083,0.014007623297352723,0.5239845701179977
64,0.15625,0.01220703125,0.18395380514222587,-0.18395380514222587,0.19274067219208835,-0.19274067219208835,0.008786867049862479,0.008786867049862479,0.008786867049862479,1.9911892292298738,0.8717947817971753,0.08717947817971752,0.8748519765771382,0.08748519765771384,0.003057194779962913,0.00030571947799631904,0.003057194779962913,2.19593181422012
128,0.078125,0.0030517578125,0.19188161940431386,-0.19188161940431303,0.19274067219208835,-0.19274067219208835,0.0008590527877744836,0.0008590527877753162,0.0008590527877753162,3.3545301742330236,0.8744310003315754,0.08744310003315753,0.8748519765771382,0.08748519765771384,0.00042097624556280966,4.209762455631427e-5,0.00042097624556280966,2.860397738413311
256,0.0390625,0.000762939453125,0.19207883539559786,-0.19207883539559958,0.19274067219208835,-0.19274067219208835,0.0006618367964904837,0.0006618367964887628,0.0006618367964904837,0.37627128182778197,0.8746362247818495,0.08746362247818497,0.8748519765771382,0.08748519765771384,0.0002157517952886545,2.1575179528873778e-5,0.0002157517952886545,0.964366264359278
