nx,h,dt,qn_mean_gas,qn_mean_liq,qn_mean_ana_gas,qn_mean_ana_liq,qn_err_gas,qn_err_liq,qn_err_max,qn_pairwise_orders,c_interface_gas,c_interface_liq,c_interface_ana_gas,c_interface_ana_liq,c_interface_err_gas,c_interface_err_liq,c_interface_err_max,c_pairwise_orders
8,1.25,0.78125,0.12077222281820908,-0.12077222281820912,1.212658122432825,-1.212658122432825,1.091885899614616,1.091885899614616,1.091885899614616,NaN,0.006687618655307727,0.6687618655307722,0.006708254729886966,0.6749995732635027,2.0636074579239577e-5,0.006237707732730469,0.006237707732730469,NaN
16,0.625,0.1953125,0.5968401763356269,-0.5968401763356267,1.212658122432825,-1.212658122432825,0.6158179460971981,0.6158179460971983,0.6158179460971983,0.8262462887726577,0.01236036214650341,1.2360362146503399,0.006708254729886966,0.6749995732635027,0.0056521074166164436,0.5610366413868372,0.5610366413868372,-6.4909352293731235
32,0.3125,0.048828125,0.825944344029226,-0.8259443440292266,1.212658122432825,-1.212658122432825,0.386713778403599,0.38671377840359844,0.386713778403599,0.6712377430680939,0.005844711928896269,0.5844711928896267,0.006708254729886966,0.6749995732635027,0.0008635428009906975,0.090528380373876,0.090528380373876,2.631652947783267
64,0.15625,0.01220703125,1.1117588567365673,-1.1117588567365646,1.212658122432825,-1.212658122432825,0.10089926569625773,0.1008992656962604,0.1008992656962604,1.9383504926477182,0.006491589293215951,0.6491589293215954,0.006708254729886966,0.6749995732635027,0.00021666543667101489,0.025840643941907326,0.025840643941907326,1.8087281215909559
128,0.078125,0.0030517578125,1.202078703131381,-1.2020787031313809,1.212658122432825,-1.212658122432825,0.010579419301443904,0.010579419301444126,0.010579419301444126,3.2535833291420584,0.006707015559458325,0.6707015559458328,0.006708254729886966,0.6749995732635027,1.2391704286409191e-6,0.004298017317669878,0.004298017317669878,2.5878988212228022
256,0.0390625,0.000762939453125,1.2049642371188194,-1.2049642371188156,1.212658122432825,-1.212658122432825,0.007693885314005611,0.0076938853140093855,0.0076938853140093855,0.45947621096153707,0.006732063392302058,0.6732063392302057,0.006708254729886966,0.6749995732635027,2.380866241509169e-5,0.0017932340332970087,0.0017932340332970087,1.2611075104426734
