nx,h,dt,qn_mean_gas,qn_mean_liq,qn_mean_ana_gas,qn_mean_ana_liq,qn_err_gas,qn_err_liq,qn_err_max,qn_pairwise_orders,c_interface_gas,c_interface_liq,c_interface_ana_gas,c_interface_ana_liq,c_interface_err_gas,c_interface_err_liq,c_interface_err_max,c_pairwise_orders
8,1.25,0.78125,0.011056279384091683,-0.011056279387690531,0.0213581001332901,-0.0213581001332901,0.010301820749198417,0.010301820745599568,0.010301820749198417,NaN,0.0047740627521978135,0.4774062752197809,0.006971883227126311,0.6971883227126312,0.002197820474928497,0.2197820474928503,0.2197820474928503,NaN
16,0.625,0.1953125,0.033443603640402476,-0.03344360369140607,0.0213581001332901,-0.0213581001332901,0.012085503507112377,0.012085503558115968,0.012085503558115968,-0.23037824348649935,0.00706555919758077,0.7065559197580766,0.006971883227126311,0.6971883227126312,9.367597045445951e-5,0.00936759704544543,0.00936759704544543,4.552250718374261
32,0.3125,0.048828125,0.013105569994476351,-0.013105569991918246,0.0213581001332901,-0.0213581001332901,0.008252530138813748,0.008252530141371853,0.008252530141371853,0.5503691782683269,0.005105370873214651,0.5105370873214651,0.006971883227126311,0.6971883227126312,0.0018665123539116594,0.18665123539116613,0.18665123539116613,-4.316522228721368
64,0.15625,0.01220703125,0.01863398111674571,-0.01863398111624433,0.0213581001332901,-0.0213581001332901,0.002724119016544388,0.002724119017045768,0.002724119017045768,1.5990467665025088,0.0063892966758184325,0.6389296675818431,0.006971883227126311,0.6971883227126312,0.0005825865513078782,0.058258655130788095,0.058258655130788095,1.6798007543098206
128,0.078125,0.0030517578125,0.021184140481873805,-0.02118414048019919,0.0213581001332901,-0.0213581001332901,0.00017395965141629374,0.00017395965309090905,0.00017395965309090905,3.968965094206672,0.0068863502671015295,0.6886350267101528,0.006971883227126311,0.6971883227126312,8.553296002478117e-5,0.00855329600247845,0.00855329600247845,2.76792002495755
256,0.0390625,0.000762939453125,0.02114164049884968,-0.021141640555621555,0.0213581001332901,-0.0213581001332901,0.00021645963444041905,0.00021645957766854365,0.00021645963444041905,-0.3153452782444575,0.006927725160714511,0.6927725160714512,0.006971883227126311,0.6971883227126312,4.415806641179954e-5,0.00441580664118002,0.00441580664118002,0.95380346702699
