nx,h,dt,qn_mean_gas,qn_mean_liq,qn_mean_ana_gas,qn_mean_ana_liq,qn_err_gas,qn_err_liq,qn_err_max,qn_pairwise_orders,c_interface_gas,c_interface_liq,c_interface_ana_gas,c_interface_ana_liq,c_interface_err_gas,c_interface_err_liq,c_interface_err_max,c_pairwise_orders
8,1.25,0.78125,0.0012404206237237715,-0.001240420623728128,0.0021285347204657427,-0.0021285347204657427,0.0008881140967419712,0.0008881140967376146,0.0008881140967419712,NaN,0.00044085192339628996,0.4408519233962897,0.0006949075254092929,0.6949075254092931,0.00025405560201300297,0.2540556020130034,0.2540556020130034,NaN
16,0.625,0.1953125,0.003777671858988099,-0.003777671859043286,0.0021285347204657427,-0.0021285347204657427,0.0016491371385223565,0.0016491371385775433,0.0016491371385775433,-0.8928944372730172,0.0006882585869253412,0.6882585869253408,0.0006949075254092929,0.6949075254092931,6.648938483951733e-6,0.006648938483952316,0.006648938483952316,5.255876436270644
32,0.3125,0.048828125,0.0012970254976722626,-0.0012970254975585111,0.0021285347204657427,-0.0021285347204657427,0.0008315092227934801,0.0008315092229072315,0.0008315092229072315,0.9879072043233185,0.0005079565806927705,0.5079565806927706,0.0006949075254092929,0.6949075254092931,0.00018695094471652242,0.18695094471652252,0.18695094471652252,-4.813391921429327
64,0.15625,0.01220703125,0.0018549418443840767,-0.0018549418444930325,0.0021285347204657427,-0.0021285347204657427,0.000273592876081666,0.0002735928759727102,0.000273592876081666,1.60370160038467,0.0006365978853741439,0.6365978853741437,0.0006949075254092929,0.6949075254092931,5.8309640035149e-5,0.05830964003514938,0.05830964003514938,1.680853439900966
128,0.078125,0.0030517578125,0.002110891613968929,-0.0021108916125672397,0.0021285347204657427,-0.0021285347204657427,1.7643106496813884e-5,1.764310789850298e-5,1.764310789850298e-5,3.9548540408104476,0.000686332662397353,0.6863326623973529,0.0006949075254092929,0.6949075254092931,8.574863011939922e-6,0.008574863011940215,0.008574863011940215,2.7655488877999437
256,0.0390625,0.000762939453125,0.0021069215410594237,-0.0021069215382476707,0.0021285347204657427,-0.0021285347204657427,2.161317940631898e-5,2.1613182218071982e-5,2.1613182218071982e-5,-0.29280678378814734,0.0006904992465348142,0.6904992465348164,0.0006949075254092929,0.6949075254092931,4.408278874478756e-6,0.004408278874476701,0.004408278874476701,0.9598981297433705
