nx,h,dt,qn_mean_gas,qn_mean_liq,qn_mean_ana_gas,qn_mean_ana_liq,qn_err_gas,qn_err_liq,qn_err_max,qn_pairwise_orders,c_interface_gas,c_interface_liq,c_interface_ana_gas,c_interface_ana_liq,c_interface_err_gas,c_interface_err_liq,c_interface_err_max,c_pairwise_orders
8,1.25,0.78125,0.08752305985957799,-0.08752305985869709,0.7933681306936948,-0.7933681306936948,0.7058450708341169,0.7058450708349977,0.7058450708349977,NaN,0.27397662453458765,0.27397662453458754,0.5136842058474506,0.5136842058474507,0.2397075813128629,0.23970758131286313,0.23970758131286313,NaN
16,0.625,0.1953125,0.43805994956905614,-0.43805994957487343,0.7933681306936948,-0.7933681306936948,0.3553081811246387,0.3553081811188214,0.3553081811246387,0.9902806467778686,0.4396753103745295,0.43967531037452945,0.5136842058474506,0.5136842058474507,0.07400889547292105,0.07400889547292122,0.07400889547292122,1.6955049478187845
32,0.3125,0.048828125,0.5668238239199723,-0.5668238239239187,0.7933681306936948,-0.7933681306936948,0.2265443067737225,0.2265443067697761,0.2265443067737225,0.6492776724176722,0.4337563516431067,0.4337563516431068,0.5136842058474506,0.5136842058474507,0.07992785420434384,0.0799278542043439,0.0799278542043439,-0.11099967283478596
64,0.15625,0.01220703125,0.732802134135681,-0.7328021341392104,0.7933681306936948,-0.7933681306936948,0.06056599655801387,0.06056599655448447,0.06056599655801387,1.9032132785043838,0.4916689504296144,0.4916689504296144,0.5136842058474506,0.5136842058474507,0.022015255417836166,0.022015255417836277,0.022015255417836277,1.8601947759038011
128,0.078125,0.0030517578125,0.7888161300767071,-0.7888161300752633,0.7933681306936948,-0.7933681306936948,0.004552000616987684,0.004552000618431529,0.004552000618431529,3.733935392933907,0.5105393157815283,0.5105393157815283,0.5136842058474506,0.5136842058474507,0.0031448900659222234,0.0031448900659223344,0.0031448900659223344,2.8074220906586995
256,0.0390625,0.000762939453125,0.7884560168479128,-0.7884560168894956,0.7933681306936948,-0.7933681306936948,0.004912113845782051,0.004912113804199203,0.004912113845782051,-0.10984324412071408,0.5120470393333989,0.5120470393333988,0.5136842058474506,0.5136842058474507,0.0016371665140516578,0.0016371665140518799,0.0016371665140518799,0.9418085226526373
