nx,h,dt,qn_mean_gas,qn_mean_liq,qn_mean_ana_gas,qn_mean_ana_liq,qn_err_gas,qn_err_liq,qn_err_max,qn_pairwise_orders,c_interface_gas,c_interface_liq,c_interface_ana_gas,c_interface_ana_liq,c_interface_err_gas,c_interface_err_liq,c_interface_err_max,c_pairwise_orders
8,1.25,0.78125,0.05388762432319696,-0.053887624323399136,0.21480617326671594,-0.21480617326671594,0.16091854894351898,0.1609185489433168,0.16091854894351898,NaN,0.056164564359013736,0.5616456435901369,0.07121033064677779,0.712103306467778,0.01504576628776405,0.15045766287764106,0.15045766287764106,NaN
16,0.625,0.1953125,0.21315655156016153,-0.21315655156546529,0.21480617326671594,-0.21480617326671594,0.001649621706554416,0.0016496217012506587,0.001649621706554416,6.608051601992374,0.07730321152272046,0.7730321152272042,0.07121033064677779,0.712103306467778,0.0060928808759426745,0.06092880875942619,0.06092880875942619,1.3041611465559046
32,0.3125,0.048828125,0.13779240855944258,-0.1377924085599064,0.21480617326671594,-0.21480617326671594,0.07701376470727336,0.07701376470680954,0.07701376470727336,-5.544909195668039,0.05278522320371914,0.5278522320371913,0.07121033064677779,0.712103306467778,0.01842510744305865,0.18425107443058664,0.18425107443058664,-1.5964765930842624
64,0.15625,0.01220703125,0.18939353839088016,-0.18939353839193082,0.21480617326671594,-0.21480617326671594,0.025412634875835782,0.025412634874785123,0.025412634875835782,1.5995703553368243,0.0654623034820732,0.6546230348207315,0.07121033064677779,0.712103306467778,0.005748027164704586,0.0574802716470465,0.0574802716470465,1.6805342472072349
128,0.078125,0.0030517578125,0.21329262419607375,-0.21329262419432898,0.21480617326671594,-0.21480617326671594,0.0015135490706421895,0.0015135490723869605,0.0015135490723869605,4.069538610907121,0.0703722959379532,0.7037229593795319,0.07121033064677779,0.712103306467778,0.0008380347088245838,0.008380347088246087,0.008380347088246087,2.777984977595988
256,0.0390625,0.000762939453125,0.21270294531698267,-0.21270294532001213,0.21480617326671594,-0.21480617326671594,0.0021032279497332773,0.0021032279467038117,0.0021032279497332773,-0.4746697680505697,0.070770387108986,0.7077038710898604,0.07121033064677779,0.712103306467778,0.0004399435377917815,0.004399435377917538,0.004399435377917538,0.929691616535575
