method,h,lp_norm,inside_cells,inside_cells_phase1,inside_cells_phase2,inside_cells_by_dim,all_err,full_err,cut_err,empty_err,phase1_all_err,phase1_full_err,phase1_cut_err,phase1_empty_err,phase2_all_err,phase2_full_err,phase2_cut_err,phase2_empty_err,pair_order_all,pair_order_full,pair_order_cut
Heat_2ph_2D_ratio10000.0_He10.0_Dl1.0,2.5,L^2,16,0,16,"[0, 16]",NaN,NaN,NaN,NaN,NaN,NaN,NaN,NaN,0.07932346221310264,0.07932346221310264,0.0,0.0,NaN,NaN,NaN
Heat_2ph_2D_ratio10000.0_He10.0_Dl1.0,1.25,L^2,56,1,55,"[1, 55]",0.15238098477739695,0.07671560081908248,0.14060372986283198,0.0,0.08591212450004025,0.07671560081908248,0.03867311374944628,0.0,0.15238098477739695,0.058741430612379984,0.14060372986283198,0.0,NaN,NaN,NaN
Heat_2ph_2D_ratio10000.0_He10.0_Dl1.0,0.625,L^2,240,5,235,"[5, 235]",0.09788567130096468,0.06866135680233826,0.08094581470351168,0.0,0.0880316295335207,0.06866135680233826,0.055092521093057914,0.0,0.09788567130096468,0.05503980130801027,0.08094581470351168,0.0,0.6385132881099702,0.16002162643129772,0.7966064728399169
Heat_2ph_2D_ratio10000.0_He10.0_Dl1.0,0.3125,L^2,1000,21,979,"[21, 979]",0.05344674482628776,0.05025046152243156,0.024832447890214434,0.0,0.04219400600129938,0.034112808067021876,0.024832447890214434,0.0,0.05344674482628776,0.05025046152243156,0.018205648829661084,0.0,0.8729956074304029,0.45036151966314575,1.7047300040034405
Heat_2ph_2D_ratio10000.0_He10.0_Dl1.0,0.15625,L^2,4048,101,3947,"[101, 3947]",0.04633402961472671,0.04608098797231738,0.0048357882329060475,0.0,0.010239099917257287,0.009082605476060506,0.004727096876711316,0.0,0.04633402961472671,0.04608098797231738,0.0048357882329060475,0.0,0.206029926010732,0.12496519833460157,2.3604035109258374
Heat_2ph_2D_ratio10000.0_He10.0_Dl1.0,0.078125,L^2,16280,473,15807,"[473, 15807]",0.045052603637478573,0.04504255339226196,0.0009515662987819384,0.0,0.0017840320620738871,0.0017094496480031325,0.0005104432382249532,0.0,0.045052603637478573,0.04504255339226196,0.0009515662987819384,0.0,0.04046167396082835,0.032883034492974215,2.345374985524437
Heat_2ph_2D_ratio10000.0_He10.0_Dl1.0,0.0390625,L^2,65328,1953,63375,"[1953, 63375]",0.04497317197146351,0.044972476556206335,0.0002500991329504189,0.0,0.0006800463737845693,0.0006627849303557563,0.00015224718910658797,0.0,0.04497317197146351,0.044972476556206335,0.0002500991329504189,0.0,0.0025458420016176834,0.00224628096754042,1.9278041213941168
