method,h,lp_norm,inside_cells,inside_cells_phase1,inside_cells_phase2,inside_cells_by_dim,all_err,full_err,cut_err,empty_err,phase1_all_err,phase1_full_err,phase1_cut_err,phase1_empty_err,phase2_all_err,phase2_full_err,phase2_cut_err,phase2_empty_err,pair_order_all,pair_order_full,pair_order_cut
Heat_2ph_2D_ratio1.0_He10.0_Dl1.0,2.5,L^2,16,0,16,"[0, 16]",NaN,NaN,NaN,NaN,NaN,NaN,NaN,NaN,0.00020734114060037902,0.00020734114060037902,0.0,0.0,NaN,NaN,NaN
Heat_2ph_2D_ratio1.0_He10.0_Dl1.0,1.25,L^2,56,1,55,"[1, 55]",0.664656036474537,0.652430059086424,0.1268962758418314,0.0,0.664656036474537,0.652430059086424,0.1268962758418314,0.0,0.11026328657792307,0.030672046552979438,0.10591136826241575,0.0,NaN,NaN,NaN
Heat_2ph_2D_ratio1.0_He10.0_Dl1.0,0.625,L^2,240,5,235,"[5, 235]",0.3506421147618252,0.31676423759940553,0.150367251829354,0.0,0.3506421147618252,0.31676423759940553,0.150367251829354,0.0,0.07265743636129769,0.029820147218496254,0.06625603277033143,0.0,0.9226086452527252,1.042413786529139,-0.2448406701615766
Heat_2ph_2D_ratio1.0_He10.0_Dl1.0,0.3125,L^2,1000,21,979,"[21, 979]",0.17813777854618007,0.17220702113684844,0.04558300139899659,0.0,0.17813777854618007,0.17220702113684844,0.04558300139899659,0.0,0.016669501885518502,0.015746396436320552,0.005470218677670603,0.0,0.9770057768065199,0.8792655008643533,1.7219225730127934
Heat_2ph_2D_ratio1.0_He10.0_Dl1.0,0.15625,L^2,4048,101,3947,"[101, 3947]",0.05066899939293983,0.05015954933455995,0.007167085184060765,0.0,0.05066899939293983,0.05015954933455995,0.007167085184060765,0.0,0.004975925983587092,0.0048694837610165995,0.0010237027377773345,0.0,1.8138182642138287,1.7795476735436184,2.6690375147357823
Heat_2ph_2D_ratio1.0_He10.0_Dl1.0,0.078125,L^2,16280,473,15807,"[473, 15807]",0.009024230824831482,0.008997003852985285,0.000700473874749512,0.0,0.009024230824831482,0.008997003852985285,0.000700473874749512,0.0,0.0009057132383198818,0.000887409231181104,0.00018116657109536123,0.0,2.4892274638601415,2.4790078402264633,3.354983352461038
Heat_2ph_2D_ratio1.0_He10.0_Dl1.0,0.0390625,L^2,65328,1953,63375,"[1953, 63375]",0.003665890807445102,0.003659564839514392,0.0002152686635358067,0.0,0.003665890807445102,0.003659564839514392,0.0002152686635358067,0.0,0.0003775457752319843,0.0003729929433733548,5.845576609028081e-5,0.0,1.2996401556779829,1.297772533567012,1.7021929211489804
