method,h,lp_norm,inside_cells,inside_cells_phase1,inside_cells_phase2,inside_cells_by_dim,all_err,full_err,cut_err,empty_err,phase1_all_err,phase1_full_err,phase1_cut_err,phase1_empty_err,phase2_all_err,phase2_full_err,phase2_cut_err,phase2_empty_err,pair_order_all,pair_order_full,pair_order_cut
Heat_2ph_2D_ratio10000.0_He0.001_Dl1.0,2.5,L^2,16,0,16,"[0, 16]",NaN,NaN,NaN,NaN,NaN,NaN,NaN,NaN,4.617396732221527e-5,4.617396732221527e-5,0.0,0.0,NaN,NaN,NaN
Heat_2ph_2D_ratio10000.0_He0.001_Dl1.0,1.25,L^2,56,1,55,"[1, 55]",0.003317442850113363,0.003181476785905409,0.0009400173001138131,0.0,0.003317442850113363,0.003181476785905409,0.0009400173001138131,0.0,0.0001375423671957668,8.33513237261254e-5,0.00010940959558885964,0.0,NaN,NaN,NaN
Heat_2ph_2D_ratio10000.0_He0.001_Dl1.0,0.625,L^2,240,5,235,"[5, 235]",0.0008265220710725736,0.0006436528926704187,0.0005185071723005369,0.0,0.0008265220710725736,0.0006436528926704187,0.0005185071723005369,0.0,6.409809093143615e-5,5.375404208595462e-5,3.4915157460279055e-5,0.0,2.0049463621499504,2.305341804182372,0.8583233630534908
Heat_2ph_2D_ratio10000.0_He0.001_Dl1.0,0.3125,L^2,1000,21,979,"[21, 979]",0.0003140290536422619,0.0002537239984320475,0.0001850361563346715,0.0,0.0003140290536422619,0.0002537239984320475,0.0001850361563346715,0.0,9.906851427776948e-5,9.214199662063214e-5,3.639262260359969e-5,0.0,1.3961553031692628,1.3430229026364988,1.4865567423935593
Heat_2ph_2D_ratio10000.0_He0.001_Dl1.0,0.15625,L^2,4048,101,3947,"[101, 3947]",0.00012502687186612165,0.000121576345549703,3.6141707732557975e-5,0.0,7.79328320628197e-5,6.90456608014292e-5,3.6141707732557975e-5,0.0,0.00012502687186612165,0.000121576345549703,2.9170376950029137e-5,0.0,1.3286598371207703,1.0613974241345965,2.3560706212633735
Heat_2ph_2D_ratio10000.0_He0.001_Dl1.0,0.078125,L^2,16280,473,15807,"[473, 15807]",0.0001190709066010797,0.0001157048051954305,2.8111898788423233e-5,0.0,1.2265542915004388e-5,1.1757940357105085e-5,3.4920454691446854e-6,0.0,0.0001190709066010797,0.0001157048051954305,2.8111898788423233e-5,0.0,0.07041725198436811,0.0714137782325718,0.36248377430790246
Heat_2ph_2D_ratio10000.0_He0.001_Dl1.0,0.0390625,L^2,65328,1953,63375,"[1953, 63375]",0.00011980949143478123,0.00011843993908569669,1.8063639368558937e-5,0.0,5.450538850766037e-6,5.308605838679059e-6,1.235749899151341e-6,0.0,0.00011980949143478123,0.00011843993908569669,1.8063639368558937e-5,0.0,-0.008921251647745647,-0.0337068731411285,0.6380923134846609
