method,h,lp_norm,inside_cells,inside_cells_phase1,inside_cells_phase2,inside_cells_by_dim,all_err,full_err,cut_err,empty_err,phase1_all_err,phase1_full_err,phase1_cut_err,phase1_empty_err,phase2_all_err,phase2_full_err,phase2_cut_err,phase2_empty_err,pair_order_all,pair_order_full,pair_order_cut
Heat_2ph_2D_ratio100.0_He100.0_Dl1.0,2.5,L^2,16,0,16,"[0, 16]",NaN,NaN,NaN,NaN,NaN,NaN,NaN,NaN,0.0008797241075759851,0.0008797241075759851,0.0,0.0,NaN,NaN,NaN
Heat_2ph_2D_ratio100.0_He100.0_Dl1.0,1.25,L^2,56,1,55,"[1, 55]",0.1456589758565022,0.039873443847845955,0.14009513097633966,0.0,0.016356436926855938,0.009721616475654204,0.013153828417708102,0.0,0.1456589758565022,0.039873443847845955,0.14009513097633966,0.0,NaN,NaN,NaN
Heat_2ph_2D_ratio100.0_He100.0_Dl1.0,0.625,L^2,240,5,235,"[5, 235]",0.10284491493518431,0.03541511664235025,0.09655488615929296,0.0,0.02035465517698981,0.017082434638350793,0.01106808087251946,0.0,0.10284491493518431,0.03541511664235025,0.09655488615929296,0.0,0.5021241435557882,0.17106292158921949,0.536985641887213
Heat_2ph_2D_ratio100.0_He100.0_Dl1.0,0.3125,L^2,1000,21,979,"[21, 979]",0.031580474610620246,0.024955027912525254,0.01935388742648659,0.0,0.02371873076664382,0.022182786898675817,0.00839655611476948,0.0,0.031580474610620246,0.024955027912525254,0.01935388742648659,0.0,1.70336570482678,0.5050347764065715,2.3187258930456585
Heat_2ph_2D_ratio100.0_He100.0_Dl1.0,0.15625,L^2,4048,101,3947,"[101, 3947]",0.01160063259129371,0.010594590813693051,0.004725391201646343,0.0,0.00473329398745355,0.003901398132452188,0.00268014264242829,0.0,0.01160063259129371,0.010594590813693051,0.004725391201646343,0.0,1.444829374308729,1.2360026487705305,2.034117699555379
Heat_2ph_2D_ratio100.0_He100.0_Dl1.0,0.078125,L^2,16280,473,15807,"[473, 15807]",0.00287307795788604,0.0027193473055025365,0.0009272147454321063,0.0,0.0005805342318239026,0.00039496942095235924,0.00042546345416724884,0.0,0.00287307795788604,0.0027193473055025365,0.0009272147454321063,0.0,2.0135344342573918,1.9619955445486346,2.34945835616223
Heat_2ph_2D_ratio100.0_He100.0_Dl1.0,0.0390625,L^2,65328,1953,63375,"[1953, 63375]",0.0020506409446380187,0.0020341983427112124,0.00025916285678476673,0.0,7.912472932177308e-5,7.375932280874897e-5,2.8640619564503492e-5,0.0,0.0020506409446380187,0.0020341983427112124,0.00025916285678476673,0.0,0.48652223300497255,0.418800064323392,1.8390445435916365
