method,h,lp_norm,inside_cells,inside_cells_phase1,inside_cells_phase2,inside_cells_by_dim,all_err,full_err,cut_err,empty_err,phase1_all_err,phase1_full_err,phase1_cut_err,phase1_empty_err,phase2_all_err,phase2_full_err,phase2_cut_err,phase2_empty_err,pair_order_all,pair_order_full,pair_order_cut
Heat_2ph_2D_ratio10000.0_He0.1_Dl1.0,2.5,L^2,16,0,16,"[0, 16]",NaN,NaN,NaN,NaN,NaN,NaN,NaN,NaN,2.507894053726915e-5,2.507894053726915e-5,0.0,0.0,NaN,NaN,NaN
Heat_2ph_2D_ratio10000.0_He0.1_Dl1.0,1.25,L^2,56,1,55,"[1, 55]",0.23349296255715465,0.22394570980754644,0.06608541913698522,0.0,0.23349296255715465,0.22394570980754644,0.06608541913698522,0.0,0.009021456704716808,0.005601062009736846,0.007072113222945634,0.0,NaN,NaN,NaN
Heat_2ph_2D_ratio10000.0_He0.1_Dl1.0,0.625,L^2,240,5,235,"[5, 235]",0.0702109630137638,0.054420477493651594,0.04436204409946713,0.0,0.0702109630137638,0.054420477493651594,0.04436204409946713,0.0,0.004596021617959452,0.0037339069819778835,0.0026798047247304033,0.0,1.7336108467129803,2.0409275081497227,0.5750061524447071
Heat_2ph_2D_ratio10000.0_He0.1_Dl1.0,0.3125,L^2,1000,21,979,"[21, 979]",0.02753027763671247,0.022243518714868335,0.01622165410603286,0.0,0.02753027763671247,0.022243518714868335,0.01622165410603286,0.0,0.0027770499735624565,0.0027583934380703747,0.00032135991734119564,0.0,1.350677156887899,1.2907645882085936,1.451404905808813
Heat_2ph_2D_ratio10000.0_He0.1_Dl1.0,0.15625,L^2,4048,101,3947,"[101, 3947]",0.006984937510101911,0.006188418299100018,0.0032392639558073565,0.0,0.006984937510101911,0.006188418299100018,0.0032392639558073565,0.0,0.0011341728927628347,0.0011338590133779423,2.6681237970067023e-5,0.0,1.9787000453561678,1.845742404336256,2.3241829992494742
Heat_2ph_2D_ratio10000.0_He0.1_Dl1.0,0.078125,L^2,16280,473,15807,"[473, 15807]",0.0011182398593346241,0.0010719618400142075,0.0003183680206271895,0.0,0.0011182398593346241,0.0010719618400142075,0.0003183680206271895,0.0,0.0007776815827576408,0.0007776409573479376,7.948938005317607e-6,0.0,2.643017533354326,2.529317168150309,3.346898700177162
Heat_2ph_2D_ratio10000.0_He0.1_Dl1.0,0.0390625,L^2,65328,1953,63375,"[1953, 63375]",0.0008011434943041985,0.0008011396672485977,0.00011159615900629669,0.0,0.0004922302358522946,0.0004794130811547041,0.00011159615900629669,0.0,0.0008011434943041985,0.0008011396672485977,2.476292944675094e-6,0.0,0.4810971007533443,0.42012786633390453,1.512408055244295
