method,h,lp_norm,inside_cells,inside_cells_phase1,inside_cells_phase2,inside_cells_by_dim,all_err,full_err,cut_err,empty_err,phase1_all_err,phase1_full_err,phase1_cut_err,phase1_empty_err,phase2_all_err,phase2_full_err,phase2_cut_err,phase2_empty_err,pair_order_all,pair_order_full,pair_order_cut
Heat_2ph_2D_ratio1.0e6_He10.0_Dl1.0,2.5,L^2,16,0,16,"[0, 16]",NaN,NaN,NaN,NaN,NaN,NaN,NaN,NaN,0.0896512789323699,0.0896512789323699,0.0,0.0,NaN,NaN,NaN
Heat_2ph_2D_ratio1.0e6_He10.0_Dl1.0,1.25,L^2,56,1,55,"[1, 55]",0.15447648249853918,0.07668702150273891,0.14060375529102326,0.0,0.08588700090191584,0.07668702150273891,0.03867399199674311,0.0,0.15447648249853918,0.06398099439039309,0.14060375529102326,0.0,NaN,NaN,NaN
Heat_2ph_2D_ratio1.0e6_He10.0_Dl1.0,0.625,L^2,240,5,235,"[5, 235]",0.10167498705922795,0.06862035342676687,0.08076854447839485,0.0,0.0878953707571249,0.06862035342676687,0.05492579809268183,0.0,0.10167498705922795,0.06175957590799768,0.08076854447839485,0.0,0.6034224117573324,0.1603458804804883,0.7997696807946009
Heat_2ph_2D_ratio1.0e6_He10.0_Dl1.0,0.3125,L^2,1000,21,979,"[21, 979]",0.060469232491274186,0.057661126249514416,0.024845614594572123,0.0,0.04216529878917321,0.03406769521699754,0.024845614594572123,0.0,0.060469232491274186,0.057661126249514416,0.018213253353570012,0.0,0.749691634439686,0.25103754032809616,1.7008023113732604
Heat_2ph_2D_ratio1.0e6_He10.0_Dl1.0,0.15625,L^2,4048,101,3947,"[101, 3947]",0.05390110999993641,0.05368394868091198,0.0048335611354831,0.0,0.010239358365573326,0.009071608488031952,0.004748723952653297,0.0,0.05390110999993641,0.05368394868091198,0.0048335611354831,0.0,0.16588628453995954,0.10310822438996158,2.3618328353467954
Heat_2ph_2D_ratio1.0e6_He10.0_Dl1.0,0.078125,L^2,16280,473,15807,"[473, 15807]",0.052869785345635835,0.05286122454163995,0.000951389747650547,0.0,0.0017842560178100016,0.0017104240084726973,0.0005079559511723372,0.0,0.052869785345635835,0.05286122454163995,0.000951389747650547,0.0,0.027871513781469903,0.022280946040152273,2.3449781054036176
Heat_2ph_2D_ratio1.0e6_He10.0_Dl1.0,0.0390625,L^2,65328,1953,63375,"[1953, 63375]",0.05282114413461874,0.05282055205590814,0.00025009637995363875,0.0,0.0006797748065279436,0.0006620660202972542,0.00015415048607727054,0.0,0.05282114413461874,0.05282055205590814,0.00025009637995363875,0.0,0.0013279179058541329,0.001110465744466382,1.9275523034103514
