method,h,lp_norm,inside_cells,inside_cells_phase1,inside_cells_phase2,inside_cells_by_dim,all_err,full_err,cut_err,empty_err,phase1_all_err,phase1_full_err,phase1_cut_err,phase1_empty_err,phase2_all_err,phase2_full_err,phase2_cut_err,phase2_empty_err,pair_order_all,pair_order_full,pair_order_cut
Heat_2ph_2D_ratio1.0_He1000.0_Dl1.0,2.5,L^2,16,0,16,"[0, 16]",NaN,NaN,NaN,NaN,NaN,NaN,NaN,NaN,0.0007748882569165163,0.0007748882569165163,0.0,0.0,NaN,NaN,NaN
Heat_2ph_2D_ratio1.0_He1000.0_Dl1.0,1.25,L^2,56,1,55,"[1, 55]",0.6714256648908172,0.6367263933848771,0.21305380409925265,0.0,0.6714256648908172,0.6367263933848771,0.21305380409925265,0.0,0.13213073897201089,0.03825289636081142,0.12647232148299764,0.0,NaN,NaN,NaN
Heat_2ph_2D_ratio1.0_He1000.0_Dl1.0,0.625,L^2,240,5,235,"[5, 235]",0.34640688710831674,0.3171002965804516,0.13944580791355388,0.0,0.34640688710831674,0.3171002965804516,0.13944580791355388,0.0,0.10949274813353913,0.038729172592095656,0.10241441834119988,0.0,0.9547600709704747,1.0057343408290564,0.6115132471946356
Heat_2ph_2D_ratio1.0_He1000.0_Dl1.0,0.3125,L^2,1000,21,979,"[21, 979]",0.18294138531295995,0.1788994329705913,0.03824321303219417,0.0,0.18294138531295995,0.1788994329705913,0.03824321303219417,0.0,0.019265264962325064,0.01744880895898425,0.008166363938832296,0.0,0.9210861324268621,0.8257904120659357,1.8664289214030707
Heat_2ph_2D_ratio1.0_He1000.0_Dl1.0,0.15625,L^2,4048,101,3947,"[101, 3947]",0.04899782676968685,0.04884149520526681,0.0039109301024362175,0.0,0.04899782676968685,0.04884149520526681,0.0039109301024362175,0.0,0.01628332184628975,0.01623520763292824,0.00125084110324441,0.0,1.9005918139149918,1.8729695427683846,3.289620080471441
Heat_2ph_2D_ratio1.0_He1000.0_Dl1.0,0.078125,L^2,16280,473,15807,"[473, 15807]",0.019316816423321143,0.019315072272238984,0.00025993997855835966,0.0,0.01118042488386208,0.011177402730117116,0.00025993997855835966,0.0,0.019316816423321143,0.019315072272238984,0.00025957629027731946,0.0,1.3428604166452258,1.3383802910432336,3.9112613106140546
Heat_2ph_2D_ratio1.0_He1000.0_Dl1.0,0.0390625,L^2,65328,1953,63375,"[1953, 63375]",0.01822331709872893,0.01822309200686116,0.0002383757858238787,0.0,0.009950652656641818,0.00994779700626554,0.0002383757858238787,0.0,0.01822331709872893,0.01822309200686116,9.057477739090239e-5,0.0,0.08407175571058675,0.0839593063035092,0.12494084170499774
