method,h,lp_norm,inside_cells,inside_cells_phase1,inside_cells_phase2,inside_cells_by_dim,all_err,full_err,cut_err,empty_err,phase1_all_err,phase1_full_err,phase1_cut_err,phase1_empty_err,phase2_all_err,phase2_full_err,phase2_cut_err,phase2_empty_err,pair_order_all,pair_order_full,pair_order_cut
Heat_2ph_2D_ratio100.0_He0.001_Dl1.0,2.5,L^2,16,0,16,"[0, 16]",NaN,NaN,NaN,NaN,NaN,NaN,NaN,NaN,2.537744480011117e-7,2.537744480011117e-7,0.0,0.0,NaN,NaN,NaN
Heat_2ph_2D_ratio100.0_He0.001_Dl1.0,1.25,L^2,56,1,55,"[1, 55]",0.0033212081025737247,0.003185239988048449,0.0009405686998505106,0.0,0.0033212081025737247,0.003185239988048449,0.0009405686998505106,0.0,0.00013183802991204854,7.355898195318664e-5,0.00010940905952022882,0.0,NaN,NaN,NaN
Heat_2ph_2D_ratio100.0_He0.001_Dl1.0,0.625,L^2,240,5,235,"[5, 235]",0.0008276687915074111,0.0006448267887111453,0.0005188776744048741,0.0,0.0008276687915074111,0.0006448267887111453,0.0005188776744048741,0.0,5.437541758510651e-5,4.168471044301855e-5,3.4915196588826544e-5,0.0,2.0045826584937267,2.3044184890800907,0.8581388603336377
Heat_2ph_2D_ratio100.0_He0.001_Dl1.0,0.3125,L^2,1000,21,979,"[21, 979]",0.0003141920503990587,0.00025418186135415106,0.00018468412463583253,0.0,0.0003141920503990587,0.00025418186135415106,0.00018468412463583253,0.0,2.814132175691035e-5,2.7544620385051324e-5,5.764362763512628e-6,0.0,1.397406881038253,1.3430505984915606,1.4903346045680739
Heat_2ph_2D_ratio100.0_He0.001_Dl1.0,0.15625,L^2,4048,101,3947,"[101, 3947]",7.797607071756773e-5,6.908786690891173e-5,3.615431164505312e-5,0.0,7.797607071756773e-5,6.908786690891173e-5,3.615431164505312e-5,0.0,8.506502580250166e-6,8.483077025518059e-6,6.3086474535386e-7,0.0,2.0105433154059824,1.879356807626579,2.3528202445894584
Heat_2ph_2D_ratio100.0_He0.001_Dl1.0,0.078125,L^2,16280,473,15807,"[473, 15807]",1.2276717237391955e-5,1.1770391467013281e-5,3.489365392179165e-6,0.0,1.2276717237391955e-5,1.1770391467013281e-5,3.489365392179165e-6,0.0,3.204030661229175e-6,3.2024950507512054e-6,9.918632975715238e-8,0.0,2.667106618568126,2.5532700660385172,3.3731311248085505
Heat_2ph_2D_ratio100.0_He0.001_Dl1.0,0.0390625,L^2,65328,1953,63375,"[1953, 63375]",5.453388400735739e-6,5.31271220180449e-6,1.2306640931126533e-6,0.0,5.453388400735739e-6,5.31271220180449e-6,1.2306640931126533e-6,0.0,3.154521226147472e-6,3.154314232336166e-6,3.613709861708485e-8,0.0,1.1707000236087004,1.1476418363035774,1.5035276432965365
