method,h,lp_norm,inside_cells,inside_cells_phase1,inside_cells_phase2,inside_cells_by_dim,all_err,full_err,cut_err,empty_err,phase1_all_err,phase1_full_err,phase1_cut_err,phase1_empty_err,phase2_all_err,phase2_full_err,phase2_cut_err,phase2_empty_err,pair_order_all,pair_order_full,pair_order_cut
Heat_2ph_2D_ratio1.0_He0.001_Dl1.0,2.5,L^2,16,0,16,"[0, 16]",NaN,NaN,NaN,NaN,NaN,NaN,NaN,NaN,2.538303812869439e-7,2.538303812869439e-7,0.0,0.0,NaN,NaN,NaN
Heat_2ph_2D_ratio1.0_He0.001_Dl1.0,1.25,L^2,56,1,55,"[1, 55]",0.003743996267096786,0.003604147087031678,0.0010137217680782702,0.0,0.003743996267096786,0.003604147087031678,0.0010137217680782702,0.0,0.00013174974983210812,7.350483741018005e-5,0.00010933908476901598,0.0,NaN,NaN,NaN
Heat_2ph_2D_ratio1.0_He0.001_Dl1.0,0.625,L^2,240,5,235,"[5, 235]",0.0009568806930382605,0.0007582693778161178,0.0005836507614796188,0.0,0.0009568806930382605,0.0007582693778161178,0.0005836507614796188,0.0,5.435188195784337e-5,4.1660596009661774e-5,3.490733178687674e-5,0.0,1.968168035321343,2.248875522487934,0.7964844678653119
Heat_2ph_2D_ratio1.0_He0.001_Dl1.0,0.3125,L^2,1000,21,979,"[21, 979]",0.000337291313225651,0.0002995956792512606,0.00015494469642895163,0.0,0.000337291313225651,0.0002995956792512606,0.00015494469642895163,0.0,2.8130419327307686e-5,2.753213649998826e-5,5.770784286055085e-6,0.0,1.5043438931448325,1.339693644357236,1.9133519892448008
Heat_2ph_2D_ratio1.0_He0.001_Dl1.0,0.15625,L^2,4048,101,3947,"[101, 3947]",8.492122790538327e-5,8.101787403711605e-5,2.5450324859695695e-5,0.0,8.492122790538327e-5,8.101787403711605e-5,2.5450324859695695e-5,0.0,7.803398485314829e-6,7.777733544835395e-6,6.323676352850381e-7,0.0,1.9897980259897898,1.8867046841392836,2.6059973972923522
Heat_2ph_2D_ratio1.0_He0.001_Dl1.0,0.078125,L^2,16280,473,15807,"[473, 15807]",1.3896216507638187e-5,1.3692622963540225e-5,2.3700020264731646e-6,0.0,1.3896216507638187e-5,1.3692622963540225e-5,2.3700020264731646e-6,0.0,1.3066987440099723e-6,1.3029250039523261e-6,9.923729980742487e-8,0.0,2.6114330948195033,2.564841392018916,3.424723873829148
Heat_2ph_2D_ratio1.0_He0.001_Dl1.0,0.0390625,L^2,65328,1953,63375,"[1953, 63375]",5.866061460211451e-6,5.7908207497493144e-6,9.365212753861413e-7,0.0,5.866061460211451e-6,5.7908207497493144e-6,9.365212753861413e-7,0.0,5.699695139194854e-7,5.68819714507931e-7,3.6185344888919e-8,0.0,1.2442280452328127,1.2415590910711076,1.3395046183797639
