method,h,lp_norm,inside_cells,inside_cells_phase1,inside_cells_phase2,inside_cells_by_dim,all_err,full_err,cut_err,empty_err,phase1_all_err,phase1_full_err,phase1_cut_err,phase1_empty_err,phase2_all_err,phase2_full_err,phase2_cut_err,phase2_empty_err,pair_order_all,pair_order_full,pair_order_cut
Heat_2ph_2D_ratio1.0e6_He1.0_Dl1.0,2.5,L^2,16,0,16,"[0, 16]",NaN,NaN,NaN,NaN,NaN,NaN,NaN,NaN,0.043943556789754666,0.043943556789754666,0.0,0.0,NaN,NaN,NaN
Heat_2ph_2D_ratio1.0e6_He1.0_Dl1.0,1.25,L^2,56,1,55,"[1, 55]",0.41419721428451295,0.3855397065903739,0.15138846377204299,0.0,0.41419721428451295,0.3855397065903739,0.15138846377204299,0.0,0.07222901672537997,0.056442441715613356,0.04506974184854854,0.0,NaN,NaN,NaN
Heat_2ph_2D_ratio1.0e6_He1.0_Dl1.0,0.625,L^2,240,5,235,"[5, 235]",0.23590732987961274,0.17606193990722105,0.15701739268958237,0.0,0.23590732987961274,0.17606193990722105,0.15701739268958237,0.0,0.05324820691328248,0.04990125168878046,0.018580544108629582,0.0,0.8120976053641316,1.1307963813465758,-0.0526691020503754
Heat_2ph_2D_ratio1.0e6_He1.0_Dl1.0,0.3125,L^2,1000,21,979,"[21, 979]",0.10185468743271026,0.08229357704670145,0.06001786841327934,0.0,0.10185468743271026,0.08229357704670145,0.06001786841327934,0.0,0.04716990029246381,0.04678633935947884,0.006003161079019842,0.0,1.211707869479095,1.0972313302045817,1.3874603877397016
Heat_2ph_2D_ratio1.0e6_He1.0_Dl1.0,0.15625,L^2,4048,101,3947,"[101, 3947]",0.04529504761770718,0.04527118112151239,0.013666734887129729,0.0,0.029467304608780817,0.026106367009440176,0.013666734887129729,0.0,0.04529504761770718,0.04527118112151239,0.0014702035755568177,0.0,1.169087150383142,0.8621868868760905,2.1347234707268856
Heat_2ph_2D_ratio1.0e6_He1.0_Dl1.0,0.078125,L^2,16280,473,15807,"[473, 15807]",0.04506141337968809,0.045060717264673554,0.0015106840560449727,0.0,0.005306335065890409,0.005086749995263151,0.0015106840560449727,0.0,0.04506141337968809,0.045060717264673554,0.00025047029421792696,0.0,0.007460754970588471,0.006722668678351749,3.177394738144858
Heat_2ph_2D_ratio1.0e6_He1.0_Dl1.0,0.0390625,L^2,65328,1953,63375,"[1953, 63375]",0.04504410829988375,0.04504404911051744,0.0005119028951861504,0.0,0.002257396513358541,0.002198589194102286,0.0005119028951861504,0.0,0.04504410829988375,0.04504404911051744,7.302233183783325e-5,0.0,0.0005541492387479835,0.0005337578595114511,1.561259896331262
