method,h,lp_norm,inside_cells,inside_cells_phase1,inside_cells_phase2,inside_cells_by_dim,all_err,full_err,cut_err,empty_err,phase1_all_err,phase1_full_err,phase1_cut_err,phase1_empty_err,phase2_all_err,phase2_full_err,phase2_cut_err,phase2_empty_err,pair_order_all,pair_order_full,pair_order_cut
Heat_2ph_2D_ratio10000.0_He0.01_Dl1.0,2.5,L^2,16,0,16,"[0, 16]",NaN,NaN,NaN,NaN,NaN,NaN,NaN,NaN,2.609404479183733e-6,2.609404479183733e-6,0.0,0.0,NaN,NaN,NaN
Heat_2ph_2D_ratio10000.0_He0.01_Dl1.0,1.25,L^2,56,1,55,"[1, 55]",0.032031811109680446,0.030720191041705508,0.00907230870987999,0.0,0.032031811109680446,0.030720191041705508,0.00907230870987999,0.0,0.0012665743199366346,0.0007153355669540697,0.0010452298955605165,0.0,NaN,NaN,NaN
Heat_2ph_2D_ratio10000.0_He0.01_Dl1.0,0.625,L^2,240,5,235,"[5, 235]",0.008139281348019771,0.0063357645810898115,0.005109401925395025,0.0,0.008139281348019771,0.0063357645810898115,0.005109401925395025,0.0,0.0005347378796011203,0.0004124539793561919,0.00034033265314034215,0.0,1.9765320482876416,2.2775965527708433,0.8283153045269225
Heat_2ph_2D_ratio10000.0_He0.01_Dl1.0,0.3125,L^2,1000,21,979,"[21, 979]",0.003102272560116838,0.0025065234744228162,0.001827959274552158,0.0,0.003102272560116838,0.0025065234744228162,0.001827959274552158,0.0,0.00027794884512836744,0.0002724523888039043,5.500233034371637e-5,0.0,1.3915759738483016,1.3378309844869845,1.4829204995150111
Heat_2ph_2D_ratio10000.0_He0.01_Dl1.0,0.15625,L^2,4048,101,3947,"[101, 3947]",0.0007715083747765255,0.000683528590427061,0.0003577902156559217,0.0,0.0007715083747765255,0.000683528590427061,0.0003577902156559217,0.0,7.728268030708747e-5,7.705746330723912e-5,5.895763233117386e-6,0.0,2.0075717219999736,1.8746141566828964,2.3530480884352873
Heat_2ph_2D_ratio10000.0_He0.01_Dl1.0,0.078125,L^2,16280,473,15807,"[473, 15807]",0.00012162091193837836,0.00011658769662350828,3.462593272025435e-5,0.0,0.00012162091193837836,0.00011658769662350828,3.462593272025435e-5,0.0,1.2923372921421213e-5,1.2887759342311235e-5,9.587631619917527e-7,0.0,2.665290505134473,2.5515861332180023,3.3691890963955533
Heat_2ph_2D_ratio10000.0_He0.01_Dl1.0,0.0390625,L^2,65328,1953,63375,"[1953, 63375]",5.3997419007381144e-5,5.259132244536311e-5,1.2242306274004583e-5,0.0,5.3997419007381144e-5,5.259132244536311e-5,1.2242306274004583e-5,0.0,5.605814584426099e-6,5.595080571487476e-6,3.467427771818411e-7,0.0,1.1714289568421805,1.148518870529957,1.4999775670441262
