method,h,lp_norm,inside_cells,inside_cells_phase1,inside_cells_phase2,inside_cells_by_dim,all_err,full_err,cut_err,empty_err,phase1_all_err,phase1_full_err,phase1_cut_err,phase1_empty_err,phase2_all_err,phase2_full_err,phase2_cut_err,phase2_empty_err,pair_order_all,pair_order_full,pair_order_cut
Heat_2ph_2D_ratio1.0e6_He0.1_Dl1.0,2.5,L^2,16,0,16,"[0, 16]",NaN,NaN,NaN,NaN,NaN,NaN,NaN,NaN,0.012106102760912707,0.012106102760912707,0.0,0.0,NaN,NaN,NaN
Heat_2ph_2D_ratio1.0e6_He0.1_Dl1.0,1.25,L^2,56,1,55,"[1, 55]",0.23351775950047957,0.22396955036684327,0.06609224243886622,0.0,0.23351775950047957,0.22396955036684327,0.06609224243886622,0.0,0.017567896333185288,0.01555459901616785,0.008166114805694026,0.0,NaN,NaN,NaN
Heat_2ph_2D_ratio1.0e6_He0.1_Dl1.0,0.625,L^2,240,5,235,"[5, 235]",0.07010003716631694,0.05439881058414834,0.04421294626858705,0.0,0.07010003716631694,0.05439881058414834,0.04421294626858705,0.0,0.012987452000260493,0.012646351334707177,0.0029569760530346154,0.0,1.7360451597482338,2.0416555921766997,0.5800120696728178
Heat_2ph_2D_ratio1.0e6_He0.1_Dl1.0,0.3125,L^2,1000,21,979,"[21, 979]",0.027567432726497348,0.02227312414142898,0.01624411549178503,0.0,0.027567432726497348,0.02227312414142898,0.01624411549178503,0.0,0.01130636146335282,0.011303345946088752,0.00026111293156158387,0.0,1.346450289458048,1.2882711756212475,1.4445516863833852
Heat_2ph_2D_ratio1.0e6_He0.1_Dl1.0,0.15625,L^2,4048,101,3947,"[101, 3947]",0.010839817345989199,0.010839448147303851,0.0032568404795770374,0.0,0.007022174939301595,0.006221248344885757,0.0032568404795770374,0.0,0.010839817345989199,0.010839448147303851,8.94648328644376e-5,0.0,1.3466244726059902,1.0390126232718704,2.3183722264216633
Heat_2ph_2D_ratio1.0e6_He0.1_Dl1.0,0.078125,L^2,16280,473,15807,"[473, 15807]",0.01074116890129674,0.010740720866950448,0.0003289643454760428,0.0,0.001155498907520598,0.0011076823482780674,0.0003289643454760428,0.0,0.01074116890129674,0.010740720866950448,9.810517029917446e-5,0.0,0.013189444780404165,0.013200485258880137,3.3074699258370654
Heat_2ph_2D_ratio1.0e6_He0.1_Dl1.0,0.0390625,L^2,65328,1953,63375,"[1953, 63375]",0.010731371766514317,0.010731155533205618,0.00012007339910542365,0.0,0.0005295011358716789,0.000515707118155904,0.00012007339910542365,0.0,0.010731371766514317,0.010731155533205618,6.812424892278707e-5,0.0,0.0013164980302043101,0.0012853893356886698,1.4540146533649414
