method,h,lp_norm,inside_cells,inside_cells_phase1,inside_cells_phase2,inside_cells_by_dim,all_err,full_err,cut_err,empty_err,phase1_all_err,phase1_full_err,phase1_cut_err,phase1_empty_err,phase2_all_err,phase2_full_err,phase2_cut_err,phase2_empty_err,pair_order_all,pair_order_full,pair_order_cut
Heat_2ph_2D_ratio100.0_He1.0_Dl1.0,2.5,L^2,16,0,16,"[0, 16]",NaN,NaN,NaN,NaN,NaN,NaN,NaN,NaN,0.00020015449194820968,0.00020015449194820968,0.0,0.0,NaN,NaN,NaN
Heat_2ph_2D_ratio100.0_He1.0_Dl1.0,1.25,L^2,56,1,55,"[1, 55]",0.41633347628602924,0.3879458064670059,0.15110133924315197,0.0,0.41633347628602924,0.3879458064670059,0.15110133924315197,0.0,0.048384425244986644,0.018028648259169566,0.04490011634990319,0.0,NaN,NaN,NaN
Heat_2ph_2D_ratio100.0_He1.0_Dl1.0,0.625,L^2,240,5,235,"[5, 235]",0.23713519288050264,0.17711565940845175,0.15768050892479546,0.0,0.23713519288050264,0.17711565940845175,0.15768050892479546,0.0,0.026298948834277715,0.018615975201194113,0.01857633379051106,0.0,0.8120297795476561,1.1311633598825623,-0.06148789042909013
Heat_2ph_2D_ratio100.0_He1.0_Dl1.0,0.3125,L^2,1000,21,979,"[21, 979]",0.10217960766443518,0.08282900498548307,0.059833336490394066,0.0,0.10217960766443518,0.08282900498548307,0.059833336490394066,0.0,0.013122380606766758,0.0116885706786968,0.005964410136631932,0.0,1.214602485535981,1.096483808442576,1.3979829184501238
Heat_2ph_2D_ratio100.0_He1.0_Dl1.0,0.15625,L^2,4048,101,3947,"[101, 3947]",0.02950550932188939,0.0261305931553391,0.01370281656062895,0.0,0.02950550932188939,0.0261305931553391,0.01370281656062895,0.0,0.0041578537615285524,0.003895295899081515,0.0014541037655050229,0.0,1.7920510340350009,1.6643961841322288,2.1264770503185115
Heat_2ph_2D_ratio100.0_He1.0_Dl1.0,0.078125,L^2,16280,473,15807,"[473, 15807]",0.005235912749797438,0.005019736269669364,0.0014889694780139831,0.0,0.005235912749797438,0.005019736269669364,0.0014889694780139831,0.0,0.0007541721005167297,0.0007138800901793344,0.00024320932145656399,0.0,2.4944714004315975,2.3800563997203197,3.202086378101721
Heat_2ph_2D_ratio100.0_He1.0_Dl1.0,0.0390625,L^2,65328,1953,63375,"[1953, 63375]",0.002177095325559524,0.0021215739579428707,0.0004885365877309016,0.0,0.002177095325559524,0.0021215739579428707,0.0004885365877309016,0.0,0.0006326692102296808,0.0006289094136846402,6.887146688934457e-5,0.0,1.2660364784357363,1.242476597101093,1.6077756624002664
