method,h,lp_norm,inside_cells,inside_cells_phase1,inside_cells_phase2,inside_cells_by_dim,all_err,full_err,cut_err,empty_err,phase1_all_err,phase1_full_err,phase1_cut_err,phase1_empty_err,phase2_all_err,phase2_full_err,phase2_cut_err,phase2_empty_err,pair_order_all,pair_order_full,pair_order_cut
Heat_2ph_2D_ratio1.0_He1.0_Dl1.0,2.5,L^2,16,0,16,"[0, 16]",NaN,NaN,NaN,NaN,NaN,NaN,NaN,NaN,0.00011951335228709197,0.00011951335228709197,0.0,0.0,NaN,NaN,NaN
Heat_2ph_2D_ratio1.0_He1.0_Dl1.0,1.25,L^2,56,1,55,"[1, 55]",0.6362103769485592,0.6187821696547235,0.14789276606521595,0.0,0.6362103769485592,0.6187821696547235,0.14789276606521595,0.0,0.038082275601088955,0.01610893843735076,0.034507416845932386,0.0,NaN,NaN,NaN
Heat_2ph_2D_ratio1.0_He1.0_Dl1.0,0.625,L^2,240,5,235,"[5, 235]",0.2894529565114116,0.2381175322719475,0.16456930107986475,0.0,0.2894529565114116,0.2381175322719475,0.16456930107986475,0.0,0.021280108544093075,0.015670538451318546,0.014397126251239517,0.0,1.1361750107125494,1.3777577776045142,-0.1541437520234472
Heat_2ph_2D_ratio1.0_He1.0_Dl1.0,0.3125,L^2,1000,21,979,"[21, 979]",0.12312499454773164,0.1152207291737216,0.043404468100125826,0.0,0.12312499454773164,0.1152207291737216,0.043404468100125826,0.0,0.010423147124364486,0.0103547163871327,0.0011924112202563366,0.0,1.233205231840113,1.04727355515828,1.9227797711752994
Heat_2ph_2D_ratio1.0_He1.0_Dl1.0,0.15625,L^2,4048,101,3947,"[101, 3947]",0.0332300428966007,0.032425745177273715,0.007266828786233612,0.0,0.0332300428966007,0.032425745177273715,0.007266828786233612,0.0,0.0031148158756438764,0.003102160675358023,0.00028049435542516955,0.0,1.889563600166904,1.829188658446169,2.5784457423155094
Heat_2ph_2D_ratio1.0_He1.0_Dl1.0,0.078125,L^2,16280,473,15807,"[473, 15807]",0.005733442443027238,0.005690495474635664,0.0007004452160284719,0.0,0.005733442443027238,0.005690495474635664,0.0007004452160284719,0.0,0.0005499339871982898,0.0005471909890050152,5.4858106306380476e-5,0.0,2.535014635874636,2.5105135501064266,3.3749817928108268
Heat_2ph_2D_ratio1.0_He1.0_Dl1.0,0.0390625,L^2,65328,1953,63375,"[1953, 63375]",0.002367362930606493,0.002354395811412037,0.0002474421314473748,0.0,0.002367362930606493,0.002354395811412037,0.0002474421314473748,0.0,0.00023261203758916094,0.00023206893760881103,1.5886101740170616e-5,0.0,1.27612071778654,1.2731973935015064,1.5011810516018544
