method,h,lp_norm,inside_cells,inside_cells_phase1,inside_cells_phase2,inside_cells_by_dim,all_err,full_err,cut_err,empty_err,phase1_all_err,phase1_full_err,phase1_cut_err,phase1_empty_err,phase2_all_err,phase2_full_err,phase2_cut_err,phase2_empty_err,pair_order_all,pair_order_full,pair_order_cut
Heat_2ph_2D_ratio1.0e6_He0.01_Dl1.0,2.5,L^2,16,0,16,"[0, 16]",NaN,NaN,NaN,NaN,NaN,NaN,NaN,NaN,0.002763795823110805,0.002763795823110805,0.0,0.0,NaN,NaN,NaN
Heat_2ph_2D_ratio1.0e6_He0.01_Dl1.0,1.25,L^2,56,1,55,"[1, 55]",0.0320314576897019,0.030719836395121745,0.009072261767834768,0.0,0.0320314576897019,0.030719836395121745,0.009072261767834768,0.0,0.004120084810449247,0.003187353646698656,0.002610723190261923,0.0,NaN,NaN,NaN
Heat_2ph_2D_ratio1.0e6_He0.01_Dl1.0,0.625,L^2,240,5,235,"[5, 235]",0.00812278424887915,0.006329354667071246,0.0050910601501320575,0.0,0.00812278424887915,0.006329354667071246,0.0050910601501320575,0.0,0.0034222342617054135,0.0030819482328058537,0.001487710466554315,0.0,1.9794432236174746,2.279040215788655,0.8334961569599271
Heat_2ph_2D_ratio1.0e6_He0.01_Dl1.0,0.3125,L^2,1000,21,979,"[21, 979]",0.003216773575973278,0.003146347691588936,0.0018280057645762584,0.0,0.003102257161387957,0.002506470510510513,0.0018280057645762584,0.0,0.003216773575973278,0.003146347691588936,0.0006694239633542311,0.0,1.3363599347852266,1.0083803051925018,1.4776954910231483
Heat_2ph_2D_ratio1.0e6_He0.01_Dl1.0,0.15625,L^2,4048,101,3947,"[101, 3947]",0.0030928441574433127,0.003066897210371306,0.00039978304522319375,0.0,0.0007715044947046766,0.0006835091668141083,0.00035781895454349783,0.0,0.0030928441574433127,0.003066897210371306,0.00039978304522319375,0.0,0.05668024976371188,0.03689829233063893,2.1929814260346836
Heat_2ph_2D_ratio1.0e6_He0.01_Dl1.0,0.078125,L^2,16280,473,15807,"[473, 15807]",0.003058945162053178,0.0030390831380166764,0.00034802181637256304,0.0,0.00012162122270396781,0.00011658832406324842,3.462491161188874e-5,0.0,0.003058945162053178,0.0030390831380166764,0.00034802181637256304,0.0,0.015899896766926,0.013143672109523927,0.200039541924848
Heat_2ph_2D_ratio1.0e6_He0.01_Dl1.0,0.0390625,L^2,65328,1953,63375,"[1953, 63375]",0.003055269517548552,0.0030470321139558047,0.00022420330368523738,0.0,5.400407734948326e-5,5.2597218735331136e-5,1.224634442095681e-5,0.0,0.003055269517548552,0.0030470321139558047,0.00022420330368523738,0.0,0.001734592262649051,-0.0037685631026130547,0.6343702101080084
