method,h,lp_norm,inside_cells,inside_cells_phase1,inside_cells_phase2,inside_cells_by_dim,all_err,full_err,cut_err,empty_err,phase1_all_err,phase1_full_err,phase1_cut_err,phase1_empty_err,phase2_all_err,phase2_full_err,phase2_cut_err,phase2_empty_err,pair_order_all,pair_order_full,pair_order_cut
Heat_2ph_2D_ratio1.0e6_He100.0_Dl1.0,2.5,L^2,16,0,16,"[0, 16]",NaN,NaN,NaN,NaN,NaN,NaN,NaN,NaN,0.08738304843338406,0.08738304843338406,0.0,0.0,NaN,NaN,NaN
Heat_2ph_2D_ratio1.0e6_He100.0_Dl1.0,1.25,L^2,56,1,55,"[1, 55]",0.1531834437032684,0.06347979197447348,0.13941120269070909,0.0,0.013652419172722113,0.007446806326712144,0.011442623160803224,0.0,0.1531834437032684,0.06347979197447348,0.13941120269070909,0.0,NaN,NaN,NaN
Heat_2ph_2D_ratio1.0e6_He100.0_Dl1.0,0.625,L^2,240,5,235,"[5, 235]",0.10758739236163822,0.061116733729665314,0.08854259908876788,0.0,0.013864376434640804,0.010499999366979797,0.009053780824321248,0.0,0.10758739236163822,0.061116733729665314,0.08854259908876788,0.0,0.5097513515913631,0.05472995714145909,0.654902868573495
Heat_2ph_2D_ratio1.0e6_He100.0_Dl1.0,0.3125,L^2,1000,21,979,"[21, 979]",0.06127153738292344,0.05635853992708309,0.024039889154369425,0.0,0.008994912067077839,0.007268024785946763,0.005299458350183157,0.0,0.06127153738292344,0.05635853992708309,0.024039889154369425,0.0,0.8122200694644719,0.1169332068462988,1.8809414791438153
Heat_2ph_2D_ratio1.0e6_He100.0_Dl1.0,0.15625,L^2,4048,101,3947,"[101, 3947]",0.05186493161513444,0.051619260611335656,0.005042129052452287,0.0,0.00642659334611283,0.005694651052372385,0.0029785989035141665,0.0,0.05186493161513444,0.051619260611335656,0.005042129052452287,0.0,0.24045765844119582,0.12672475985702003,2.253325294614887
Heat_2ph_2D_ratio1.0e6_He100.0_Dl1.0,0.078125,L^2,16280,473,15807,"[473, 15807]",0.05066031655136423,0.05063534489504459,0.0015904466178753662,0.0,0.000781962328855494,0.0007497060678148986,0.00022227437016136248,0.0,0.05066031655136423,0.05063534489504459,0.0015904466178753662,0.0,0.033903300662377796,0.0277646982986495,1.6646010944738832
Heat_2ph_2D_ratio1.0e6_He100.0_Dl1.0,0.0390625,L^2,65328,1953,63375,"[1953, 63375]",0.05058980872829042,0.05058908795415472,0.00027005023941495057,0.0,6.109505051404742e-5,5.9500845089657666e-5,1.386559161848388e-5,0.0,0.05058980872829042,0.05058908795415472,0.00027005023941495057,0.0,0.002009307205383702,0.0013185485360680453,2.5581322172995167
