method,h,lp_norm,inside_cells,inside_cells_phase1,inside_cells_phase2,inside_cells_by_dim,all_err,full_err,cut_err,empty_err,phase1_all_err,phase1_full_err,phase1_cut_err,phase1_empty_err,phase2_all_err,phase2_full_err,phase2_cut_err,phase2_empty_err,pair_order_all,pair_order_full,pair_order_cut
Heat_2ph_2D_ratio1.0_He0.1_Dl1.0,2.5,L^2,16,0,16,"[0, 16]",NaN,NaN,NaN,NaN,NaN,NaN,NaN,NaN,2.282062695265285e-5,2.282062695265285e-5,0.0,0.0,NaN,NaN,NaN
Heat_2ph_2D_ratio1.0_He0.1_Dl1.0,1.25,L^2,56,1,55,"[1, 55]",0.26093723812343395,0.2518474572418497,0.06827225293118978,0.0,0.26093723812343395,0.2518474572418497,0.06827225293118978,0.0,0.008690932837916106,0.0053121053057674965,0.0068785064377090855,0.0,NaN,NaN,NaN
Heat_2ph_2D_ratio1.0_He0.1_Dl1.0,0.625,L^2,240,5,235,"[5, 235]",0.07896151105183237,0.06288341266932321,0.04775559274732379,0.0,0.07896151105183237,0.06288341266932321,0.04775559274732379,0.0,0.004445364413358882,0.0035538339989061724,0.002670492216011145,0.0,1.724481341192435,2.001798745427706,0.5156296607033335
Heat_2ph_2D_ratio1.0_He0.1_Dl1.0,0.3125,L^2,1000,21,979,"[21, 979]",0.02889567204839124,0.025929948429746767,0.012751377869032509,0.0,0.02889567204839124,0.025929948429746767,0.012751377869032509,0.0,0.0024031621731126235,0.0023709339787006036,0.00039225055630593016,0.0,1.4502961741331883,1.2780601775524456,1.9050165517154178
Heat_2ph_2D_ratio1.0_He0.1_Dl1.0,0.15625,L^2,4048,101,3947,"[101, 3947]",0.007364245203728577,0.00705395885808221,0.0021151292748016327,0.0,0.007364245203728577,0.00705395885808221,0.0021151292748016327,0.0,0.0006776132576972443,0.0006765137309639525,3.8586251752471476e-5,0.0,1.9722438548253336,1.878114270475913,2.5918354006802
Heat_2ph_2D_ratio1.0_He0.1_Dl1.0,0.078125,L^2,16280,473,15807,"[473, 15807]",0.0012182277999396639,0.0012025670020527517,0.0001947089574716354,0.0,0.0012182277999396639,0.0012025670020527517,0.0001947089574716354,0.0,0.00011483326420366702,0.00011457961215531043,7.628305579080533e-6,0.0,2.595753732021532,2.552315884103472,3.4413546812265667
Heat_2ph_2D_ratio1.0_He0.1_Dl1.0,0.0390625,L^2,65328,1953,63375,"[1953, 63375]",0.0005137157642555079,0.0005080323533489065,7.620376890543023e-5,0.0,0.0005137157642555079,0.0005080323533489065,7.620376890543023e-5,0.0,4.978658115616129e-5,4.971420454274915e-5,2.6835666380275115e-6,0.0,1.2457416811225979,1.2431249961215642,1.3533849981510062
