method,h,lp_norm,inside_cells,inside_cells_phase1,inside_cells_phase2,inside_cells_by_dim,all_err,full_err,cut_err,empty_err,phase1_all_err,phase1_full_err,phase1_cut_err,phase1_empty_err,phase2_all_err,phase2_full_err,phase2_cut_err,phase2_empty_err,pair_order_all,pair_order_full,pair_order_cut
Heat_2ph_2D_ratio1.0_He0.01_Dl1.0,2.5,L^2,16,0,16,"[0, 16]",NaN,NaN,NaN,NaN,NaN,NaN,NaN,NaN,2.5096357470069264e-6,2.5096357470069264e-6,0.0,0.0,NaN,NaN,NaN
Heat_2ph_2D_ratio1.0_He0.01_Dl1.0,1.25,L^2,56,1,55,"[1, 55]",0.03605038195825618,0.034714319720597644,0.009723479093014428,0.0,0.03605038195825618,0.034714319720597644,0.009723479093014428,0.0,0.0012586226929669469,0.0007103090680836617,0.0010390342203457448,0.0,NaN,NaN,NaN
Heat_2ph_2D_ratio1.0_He0.01_Dl1.0,0.625,L^2,240,5,235,"[5, 235]",0.009390048260545744,0.007444410021153152,0.005723090578728654,0.0,0.009390048260545744,0.007444410021153152,0.005723090578728654,0.0,0.00053253705469128,0.00041016126842393025,0.00033965195200990066,0.0,1.9408100672772495,2.221301476876511,0.7646781668205854
Heat_2ph_2D_ratio1.0_He0.01_Dl1.0,0.3125,L^2,1000,21,979,"[21, 979]",0.0033225333776516234,0.002954282116808652,0.0015203437834627057,0.0,0.0033225333776516234,0.002954282116808652,0.0015203437834627057,0.0,0.00027701926138278427,0.00027136933251951755,5.566288300990917e-5,0.0,1.498848880026197,1.3333499162526328,1.912396854527235
Heat_2ph_2D_ratio1.0_He0.01_Dl1.0,0.15625,L^2,4048,101,3947,"[101, 3947]",0.0008377441697785451,0.0007995666781138138,0.0002500168419286685,0.0,0.0008377441697785451,0.0007995666781138138,0.0002500168419286685,0.0,7.69737737930533e-5,7.673596852988016e-5,6.045906526351484e-6,0.0,1.987702046420454,1.8855173474590028,2.6043003981227106
Heat_2ph_2D_ratio1.0_He0.01_Dl1.0,0.078125,L^2,16280,473,15807,"[473, 15807]",0.00013731927131670535,0.0001353392582203557,2.3235048080751352e-5,0.0,0.00013731927131670535,0.0001353392582203557,2.3235048080751352e-5,0.0,1.2905015903737461e-5,1.2869031082966753e-5,9.630547551164063e-7,0.0,2.608975634348526,2.562637962690623,3.427650747319446
Heat_2ph_2D_ratio1.0_He0.01_Dl1.0,0.0390625,L^2,65328,1953,63375,"[1953, 63375]",5.8106024545703925e-5,5.737591768778396e-5,9.182274118680262e-6,0.0,5.8106024545703925e-5,5.737591768778396e-5,9.182274118680262e-6,0.0,5.625554447007955e-6,5.61460387678579e-6,3.508363479358326e-7,0.0,1.2407744488549235,1.2380631577038295,1.3393792236292432
