method,h,lp_norm,inside_cells,inside_cells_phase1,inside_cells_phase2,inside_cells_by_dim,all_err,full_err,cut_err,empty_err,phase1_all_err,phase1_full_err,phase1_cut_err,phase1_empty_err,phase2_all_err,phase2_full_err,phase2_cut_err,phase2_empty_err,pair_order_all,pair_order_full,pair_order_cut
Heat_2ph_2D_ratio1.0_He100.0_Dl1.0,2.5,L^2,16,0,16,"[0, 16]",NaN,NaN,NaN,NaN,NaN,NaN,NaN,NaN,0.00022528139605483343,0.00022528139605483343,0.0,0.0,NaN,NaN,NaN
Heat_2ph_2D_ratio1.0_He100.0_Dl1.0,1.25,L^2,56,1,55,"[1, 55]",0.6730386641239904,0.6387161169833718,0.21218568592506218,0.0,0.6730386641239904,0.6387161169833718,0.21218568592506218,0.0,0.13062743476109817,0.037416353272473536,0.12515407792019573,0.0,NaN,NaN,NaN
Heat_2ph_2D_ratio1.0_He100.0_Dl1.0,0.625,L^2,240,5,235,"[5, 235]",0.3565127377012826,0.3254159840357121,0.1456220089043298,0.0,0.3565127377012826,0.3254159840357121,0.1456220089043298,0.0,0.10484217118749158,0.03735265839883608,0.09796254268773927,0.0,0.9167357628070969,0.9728897389116535,0.5430989182127524
Heat_2ph_2D_ratio1.0_He100.0_Dl1.0,0.3125,L^2,1000,21,979,"[21, 979]",0.18589002400766855,0.18063214209971448,0.043899091858945485,0.0,0.18589002400766855,0.18063214209971448,0.043899091858945485,0.0,0.01875697627590821,0.01707035892904305,0.007773480883659813,0.0,0.9395042745444672,0.8492304840265676,1.7299654167889849
Heat_2ph_2D_ratio1.0_He100.0_Dl1.0,0.15625,L^2,4048,101,3947,"[101, 3947]",0.05339482470787989,0.05297702446743053,0.006666497143364506,0.0,0.05339482470787989,0.05297702446743053,0.006666497143364506,0.0,0.012496249624868698,0.01243627794514109,0.0012228023381677213,0.0,1.7996775279016963,1.7696159121379034,2.719190281770929
Heat_2ph_2D_ratio1.0_He100.0_Dl1.0,0.078125,L^2,16280,473,15807,"[473, 15807]",0.009555753971052428,0.009535482827887267,0.0006220942005446258,0.0,0.009555753971052428,0.009535482827887267,0.0006220942005446258,0.0,0.005737424984467568,0.0057321852435392225,0.00024514849814732574,0.0,2.48225830073009,2.4739889187231707,3.4217239461904017
Heat_2ph_2D_ratio1.0_He100.0_Dl1.0,0.0390625,L^2,65328,1953,63375,"[1953, 63375]",0.004735089282027715,0.004734322385895715,0.00014040257821042884,0.0,0.0038721427129543825,0.003869596400855985,0.00014040257821042884,0.0,0.004735089282027715,0.004734322385895715,8.521769288391223e-5,0.0,1.0129780811137672,1.0101480406457228,2.147563628759609
