method,h,lp_norm,inside_cells,inside_cells_phase1,inside_cells_phase2,inside_cells_by_dim,all_err,full_err,cut_err,empty_err,phase1_all_err,phase1_full_err,phase1_cut_err,phase1_empty_err,phase2_all_err,phase2_full_err,phase2_cut_err,phase2_empty_err,pair_order_all,pair_order_full,pair_order_cut
Heat_2ph_2D_ratio10000.0_He1000.0_Dl1.0,2.5,L^2,16,0,16,"[0, 16]",NaN,NaN,NaN,NaN,NaN,NaN,NaN,NaN,0.08702814727580281,0.08702814727580281,0.0,0.0,NaN,NaN,NaN
Heat_2ph_2D_ratio10000.0_He1000.0_Dl1.0,1.25,L^2,56,1,55,"[1, 55]",0.14803113103707358,0.06319528593302327,0.13386400409355265,0.0,0.001763352629974819,0.0007467074155716529,0.0015974481316053466,0.0,0.14803113103707358,0.06319528593302327,0.13386400409355265,0.0,NaN,NaN,NaN
Heat_2ph_2D_ratio10000.0_He1000.0_Dl1.0,0.625,L^2,240,5,235,"[5, 235]",0.10758468054470374,0.061131698989290634,0.08852897190518319,0.0,0.0016327687422063024,0.0011957206638994833,0.001111838953918116,0.0,0.10758468054470374,0.061131698989290634,0.08852897190518319,0.0,0.460427946573113,0.04789628080131485,0.5965465008984661
Heat_2ph_2D_ratio10000.0_He1000.0_Dl1.0,0.3125,L^2,1000,21,979,"[21, 979]",0.06169689806351393,0.05621157983314758,0.025431585151565097,0.0,0.0013143190310845793,0.0011251121691644346,0.0006793799542739009,0.0,0.06169689806351393,0.05621157983314758,0.025431585151565097,0.0,0.8022027989384439,0.12105330084574682,1.7995282793812342
Heat_2ph_2D_ratio10000.0_He1000.0_Dl1.0,0.15625,L^2,4048,101,3947,"[101, 3947]",0.05174296250859714,0.05137649496785412,0.006147351786269738,0.0,0.0022429793072904092,0.0021318845779882637,0.0006971544442006864,0.0,0.05174296250859714,0.05137649496785412,0.006147351786269738,0.0,0.25383529985957604,0.12975889324313836,2.048584436338709
Heat_2ph_2D_ratio10000.0_He1000.0_Dl1.0,0.078125,L^2,16280,473,15807,"[473, 15807]",0.05039801534246072,0.05037569640247406,0.0014997207822351486,0.0,0.0025762691521820946,0.0025364073226278603,0.0004514428404624597,0.0,0.05039801534246072,0.05037569640247406,0.0014997207822351486,0.0,0.037995734943999195,0.028380591507411065,2.035271121609857
Heat_2ph_2D_ratio10000.0_He1000.0_Dl1.0,0.0390625,L^2,65328,1953,63375,"[1953, 63375]",0.05033017494073524,0.050329009162821486,0.0003425583944996714,0.0,0.0001948649258879745,0.00018252926985014734,6.823052827948721e-5,0.0,0.05033017494073524,0.050329009162821486,0.0003425583944996714,0.0,0.0019433095276418949,0.0013376823568877025,2.1302720806488815
