method,h,lp_norm,inside_cells,inside_cells_phase1,inside_cells_phase2,inside_cells_by_dim,all_err,full_err,cut_err,empty_err,phase1_all_err,phase1_full_err,phase1_cut_err,phase1_empty_err,phase2_all_err,phase2_full_err,phase2_cut_err,phase2_empty_err,pair_order_all,pair_order_full,pair_order_cut
Heat_2ph_2D_ratio10000.0_He1.0_Dl1.0,2.5,L^2,16,0,16,"[0, 16]",NaN,NaN,NaN,NaN,NaN,NaN,NaN,NaN,0.0002007045188550126,0.0002007045188550126,0.0,0.0,NaN,NaN,NaN
Heat_2ph_2D_ratio10000.0_He1.0_Dl1.0,1.25,L^2,56,1,55,"[1, 55]",0.41416892528685445,0.3855001934588605,0.1514116888369229,0.0,0.41416892528685445,0.3855001934588605,0.1514116888369229,0.0,0.04854171524970498,0.018050069364306535,0.04506099327941146,0.0,NaN,NaN,NaN
Heat_2ph_2D_ratio10000.0_He1.0_Dl1.0,0.625,L^2,240,5,235,"[5, 235]",0.23638242831122402,0.17608522127900514,0.15770430324323675,0.0,0.23638242831122402,0.17608522127900514,0.15770430324323675,0.0,0.026354436579011722,0.01862727267896787,0.018643525416093633,0.0,0.8090965179994277,1.1304577543705818,-0.058745442879195156
Heat_2ph_2D_ratio10000.0_He1.0_Dl1.0,0.3125,L^2,1000,21,979,"[21, 979]",0.1017683610470047,0.08222733370847429,0.05996219560180155,0.0,0.1017683610470047,0.08222733370847429,0.05996219560180155,0.0,0.013780442544314257,0.012409168563612771,0.005992756650907073,0.0,1.2158336865342507,1.0985838756328936,1.395096911459376
Heat_2ph_2D_ratio10000.0_He1.0_Dl1.0,0.15625,L^2,4048,101,3947,"[101, 3947]",0.029378092118826696,0.026028758799720594,0.013622628670276336,0.0,0.029378092118826696,0.026028758799720594,0.013622628670276336,0.0,0.007010957828653844,0.006856464334242959,0.0014637030123685838,0.0,1.7924764969045939,1.6595115316035927,2.1380480928861054
Heat_2ph_2D_ratio10000.0_He1.0_Dl1.0,0.078125,L^2,16280,473,15807,"[473, 15807]",0.00546866600990635,0.005463182596221374,0.0014851266976054313,0.0,0.005216047798132474,0.005000155330033478,0.0014851266976054313,0.0,0.00546866600990635,0.005463182596221374,0.00024483432816687034,0.0,2.425479847395032,2.2522929691988924,3.1973471986067907
Heat_2ph_2D_ratio10000.0_He1.0_Dl1.0,0.0390625,L^2,65328,1953,63375,"[1953, 63375]",0.005397802367135637,0.00539735592964504,0.0004911615089808465,0.0,0.0021670121595854784,0.0021106165146437604,0.0004911615089808465,0.0,0.005397802367135637,0.00539735592964504,6.942163481695249e-5,0.0,0.018816798937082026,0.017488813867614677,1.5963166039125802
