method,h,lp_norm,inside_cells,inside_cells_phase1,inside_cells_phase2,inside_cells_by_dim,all_err,full_err,cut_err,empty_err,phase1_all_err,phase1_full_err,phase1_cut_err,phase1_empty_err,phase2_all_err,phase2_full_err,phase2_cut_err,phase2_empty_err,pair_order_all,pair_order_full,pair_order_cut
Heat_2ph_2D_ratio100.0_He0.1_Dl1.0,2.5,L^2,16,0,16,"[0, 16]",NaN,NaN,NaN,NaN,NaN,NaN,NaN,NaN,2.4726076577457205e-5,2.4726076577457205e-5,0.0,0.0,NaN,NaN,NaN
Heat_2ph_2D_ratio100.0_He0.1_Dl1.0,1.25,L^2,56,1,55,"[1, 55]",0.23372930224636942,0.2241909717247269,0.06608929509154585,0.0,0.23372930224636942,0.2241909717247269,0.06608929509154585,0.0,0.009018483144714486,0.005597343030832509,0.00707126503722566,0.0,NaN,NaN,NaN
Heat_2ph_2D_ratio100.0_He0.1_Dl1.0,0.625,L^2,240,5,235,"[5, 235]",0.0702916120198198,0.05451741338724989,0.04437073763088217,0.0,0.0702916120198198,0.05451741338724989,0.04437073763088217,0.0,0.004595197594318922,0.0037322879884988695,0.0026806468066012477,0.0,1.7334141674937436,2.0399391619974963,0.5748080709544254
Heat_2ph_2D_ratio100.0_He0.1_Dl1.0,0.3125,L^2,1000,21,979,"[21, 979]",0.0275414823789316,0.022286162444180288,0.01618209551141656,0.0,0.0275414823789316,0.022286162444180288,0.01618209551141656,0.0,0.002477086010393662,0.0024560504533234365,0.0003221354895346509,0.0,1.3517463286274407,1.2905689004454073,1.4552100944649693
Heat_2ph_2D_ratio100.0_He0.1_Dl1.0,0.15625,L^2,4048,101,3947,"[101, 3947]",0.006987903712902565,0.006191497273082803,0.003239777742099864,0.0,0.006987903712902565,0.006191497273082803,0.003239777742099864,0.0,0.0007064359640610808,0.0007059292279782604,2.67525027787264e-5,0.0,1.97867457800696,1.8477879739601226,2.320431693972344
Heat_2ph_2D_ratio100.0_He0.1_Dl1.0,0.078125,L^2,16280,473,15807,"[473, 15807]",0.0011190634017380348,0.001072921550299132,0.0003180286842616703,0.0,0.0011190634017380348,0.001072921550299132,0.0003180286842616703,0.0,0.0001203869373861008,0.00012012512041945789,7.935372544228247e-6,0.0,2.642567953271504,2.528743741468066,3.3486660447036414
Heat_2ph_2D_ratio100.0_He0.1_Dl1.0,0.0390625,L^2,65328,1953,63375,"[1953, 63375]",0.0004924261502894079,0.00047974024213337556,0.00011105320151466584,0.0,0.0004924261502894079,0.00047974024213337556,0.00011105320151466584,0.0,5.20099189744914e-5,5.1950886287555006e-5,2.477314205079795e-6,0.0,1.1843124927800268,1.1612192256481424,1.517905909290301
