method,h,lp_norm,inside_cells,inside_cells_phase1,inside_cells_phase2,inside_cells_by_dim,all_err,full_err,cut_err,empty_err,phase1_all_err,phase1_full_err,phase1_cut_err,phase1_empty_err,phase2_all_err,phase2_full_err,phase2_cut_err,phase2_empty_err,pair_order_all,pair_order_full,pair_order_cut
Heat_2ph_2D_ratio100.0_He1000.0_Dl1.0,2.5,L^2,16,0,16,"[0, 16]",NaN,NaN,NaN,NaN,NaN,NaN,NaN,NaN,0.07716062069347841,0.07716062069347841,0.0,0.0,NaN,NaN,NaN
Heat_2ph_2D_ratio100.0_He1000.0_Dl1.0,1.25,L^2,56,1,55,"[1, 55]",0.14730543012447442,0.05961650399341429,0.1347024951356122,0.0,0.0048560637907260635,0.0029132059666562523,0.003885175225834633,0.0,0.14730543012447442,0.05961650399341429,0.1347024951356122,0.0,NaN,NaN,NaN
Heat_2ph_2D_ratio100.0_He1000.0_Dl1.0,0.625,L^2,240,5,235,"[5, 235]",0.12027850522162674,0.05860665683923041,0.10503417821108318,0.0,0.009147864985926618,0.008260764705267746,0.00392978374531537,0.0,0.12027850522162674,0.05860665683923041,0.10503417821108318,0.0,0.29243176962799644,0.02464723335548791,0.35891771604633416
Heat_2ph_2D_ratio100.0_He1000.0_Dl1.0,0.3125,L^2,1000,21,979,"[21, 979]",0.05477948865207629,0.05092836619938438,0.02017656792530285,0.0,0.019638940747074826,0.019060045467874032,0.004733144877318941,0.0,0.05477948865207629,0.05092836619938438,0.02017656792530285,0.0,1.1346711396859293,0.20259510672977615,2.3801061633792475
Heat_2ph_2D_ratio100.0_He1000.0_Dl1.0,0.15625,L^2,4048,101,3947,"[101, 3947]",0.045375119044650615,0.04514089102909834,0.0046044962173168264,0.0,0.004405431719242414,0.0038477434655958855,0.0021453901407136496,0.0,0.045375119044650615,0.04514089102909834,0.0046044962173168264,0.0,0.27173437091787356,0.17403453984709583,2.1315655666816626
Heat_2ph_2D_ratio100.0_He1000.0_Dl1.0,0.078125,L^2,16280,473,15807,"[473, 15807]",0.04391745100644895,0.04390885138326629,0.0008690645005276288,0.0,0.0006701642502160961,0.0004891056607313658,0.00045814383648395496,0.0,0.04391745100644895,0.04390885138326629,0.0008690645005276288,0.0,0.04710710617836811,0.03992310061487052,2.4055081576356505
Heat_2ph_2D_ratio100.0_He1000.0_Dl1.0,0.0390625,L^2,65328,1953,63375,"[1953, 63375]",0.043851192428988786,0.04385037647289391,0.00026750818618543384,0.0,6.719081836141714e-5,2.1357233539609782e-5,6.370615863173296e-5,0.0,0.043851192428988786,0.04385037647289391,0.00026750818618543384,0.0,0.0021782480743896453,0.0019225664982737965,1.699880214446221
