method,h,lp_norm,inside_cells,inside_cells_phase1,inside_cells_phase2,inside_cells_by_dim,all_err,full_err,cut_err,empty_err,phase1_all_err,phase1_full_err,phase1_cut_err,phase1_empty_err,phase2_all_err,phase2_full_err,phase2_cut_err,phase2_empty_err,pair_order_all,pair_order_full,pair_order_cut
Heat_2ph_2D_ratio1.0e6_He0.001_Dl1.0,2.5,L^2,16,0,16,"[0, 16]",NaN,NaN,NaN,NaN,NaN,NaN,NaN,NaN,0.0006626848735018798,0.0006626848735018798,0.0,0.0,NaN,NaN,NaN
Heat_2ph_2D_ratio1.0e6_He0.001_Dl1.0,1.25,L^2,56,1,55,"[1, 55]",0.44878882536930764,0.31506188174933436,0.31960510078052784,0.0,0.44878882536930764,0.31506188174933436,0.31960510078052784,0.0,0.0007833772885839986,0.00068799923100836,0.00037461584910561727,0.0,NaN,NaN,NaN
Heat_2ph_2D_ratio1.0e6_He0.001_Dl1.0,0.625,L^2,240,5,235,"[5, 235]",0.4505503750418217,0.35515884717847046,0.2772324543071862,0.0,0.4505503750418217,0.35515884717847046,0.2772324543071862,0.0,0.0007184740744464933,0.0006839109835625843,0.00022016076447497134,0.0,-0.005651665635653053,-0.17282920578382435,0.20519427641051427
Heat_2ph_2D_ratio1.0e6_He0.001_Dl1.0,0.3125,L^2,1000,21,979,"[21, 979]",0.4509470953614541,0.3643429130552157,0.26572076418934937,0.0,0.4509470953614541,0.3643429130552157,0.26572076418934937,0.0,0.0007017292194919876,0.0006944803012155845,0.00010060322416476074,0.0,-0.0012697683432086723,-0.036832504668866776,0.06118518832615974
Heat_2ph_2D_ratio1.0e6_He0.001_Dl1.0,0.15625,L^2,4048,101,3947,"[101, 3947]",0.4511831905276232,0.39972258520061515,0.2092561260637844,0.0,0.4511831905276232,0.39972258520061515,0.2092561260637844,0.0,0.0006922742406303286,0.0006896025183857319,6.076175504669332e-5,0.0,-0.0007551311346356774,-0.13370216181967579,0.34464110968174166
Heat_2ph_2D_ratio1.0e6_He0.001_Dl1.0,0.078125,L^2,16280,473,15807,"[473, 15807]",0.4512488567671399,0.43257536112197015,0.1284682360891118,0.0,0.4512488567671399,0.43257536112197015,0.1284682360891118,0.0,0.0006897042153626555,0.0006876753261850228,5.2863507690457307e-5,0.0,-0.00020995787673054042,-0.11395240329247341,0.7038581633219807
Heat_2ph_2D_ratio1.0e6_He0.001_Dl1.0,0.0390625,L^2,65328,1953,63375,"[1953, 63375]",0.45125566607644535,0.43950000873538125,0.10232994912388044,0.0,0.45125566607644535,0.43950000873538125,0.10232994912388044,0.0,0.0006894259272333935,0.0006885906076028235,3.392763273202195e-5,0.0,-2.176998899922447e-5,-0.02291170026319286,0.32818325208430343
