l2_err,linf_err,radial_drift,n_profile,nx,ny,R_inner,R_outer
0.11906195087575473,0.21588840996168568,0.0,34,256,256,0.25,0.5
