h,error_u,error_v,rate_u,rate_v
0.7853981633974483,0.012552305511029415,0.012552305511029704,NaN,NaN
0.39269908169872414,0.0037206617609701134,0.0037206811615142416,1.7543212230680614,1.7543137004826965
0.19634954084936207,0.0010127161416838037,0.001012609269938843,1.877329391518816,1.8774891694758438
0.09817477042468103,0.00026189701644772304,0.0002618571679598357,1.95115832235996,1.9512255944601267
0.04908738521234052,6.648274587365024e-5,6.647230833619323e-5,1.9779477497687667,1.9779547376957083
0.02454369260617026,1.6736062939709773e-5,1.6733458465581075e-5,1.990019787315336,1.990017802280907
