method,h,lp_norm,inside_cells,inside_cells_by_dim,all_err,full_err,cut_err,empty_err,pair_order_all,pair_order_full,pair_order_cut
GibouFedkiw_Poisson1D,0.25,L^2,1,[3],0.3703321104109969,0.207132237763041,0.3069887751705881,0.0,NaN,NaN,NaN
GibouFedkiw_Poisson1D,0.125,L^2,5,[6],0.35263086532028165,0.3522023324523831,0.017379418621797118,0.0,0.07066088938572357,-0.7658523534065136,4.142734178546117
GibouFedkiw_Poisson1D,0.0625,L^2,9,[11],0.0025533126766270416,0.0025125400381136647,0.0004544757215739147,0.0,7.109644727333574,7.131114066919631,5.25703278489116
GibouFedkiw_Poisson1D,0.03125,L^2,19,[21],0.0006783259765288501,0.0006693384180826362,0.00011005549742040225,0.0,1.9123195727802005,1.9083388579720721,2.0459720150607863
GibouFedkiw_Poisson1D,0.015625,L^2,39,[41],0.00018691353940248072,0.00018538577191382376,2.3849251222594768e-5,0.0,1.859607664995358,1.8522052997049274,2.2062153347717803
GibouFedkiw_Poisson1D,0.0078125,L^2,79,[81],4.956304077406259e-5,4.929114170025216e-5,5.18443445874807e-6,0.0,1.9150344699355537,1.91113022072074,2.2016854445869023
GibouFedkiw_Poisson1D,0.00390625,L^2,159,[161],1.2791577939341209e-5,1.2731848676074396e-5,1.2347046075006364e-6,0.0,1.9540704592008933,1.9528864825609682,2.0700206913447436
