method,h,lp_norm,inside_cells,inside_cells_by_dim,all_err,full_err,cut_err,empty_err,pair_order_all,pair_order_full,pair_order_cut
GibouFedkiw_Heat1D,0.0625,L^2,9,[11],0.0035069660484056083,0.003365077009152253,0.0009874551063945003,0.0,NaN,NaN,NaN
GibouFedkiw_Heat1D,0.03125,L^2,19,[21],0.0007258035316632447,0.0007106349947313354,0.00014760986023309387,0.0,2.272572481749006,2.2434588809614193,2.741926063444692
GibouFedkiw_Heat1D,0.015625,L^2,39,[41],0.00021993386113619472,0.00021786773354476723,3.0075803469588092e-5,0.0,1.722509337394089,1.7056561874193947,2.29511391125121
GibouFedkiw_Heat1D,0.0078125,L^2,79,[81],4.537981771985016e-5,4.514386960277398e-5,4.621568302488454e-6,0.0,2.276947020237177,2.270850554907834,2.7021488691884863
