method,h,lp_norm,inside_cells,inside_cells_by_dim,all_err,full_err,cut_err,empty_err,pair_order_all,pair_order_full,pair_order_cut
GibouFedkiw_Heat2D,0.04878048780487805,L^2,346,"[21, 21]",0.01381970809408816,0.011030794569880379,0.00832501669445193,0.0,NaN,NaN,NaN
GibouFedkiw_Heat2D,0.024691358024691357,L^2,1500,"[41, 41]",0.013811219076889363,0.0125121316350935,0.005847763190821342,0.0,0.0009024501979951947,-0.18506693623643616,0.5187512105542121
GibouFedkiw_Heat2D,0.012422360248447204,L^2,6164,"[81, 81]",0.013818951771655411,0.013093397384372539,0.004418865578657531,0.0,-0.000814795988842421,-0.0661023914676533,0.4078522393320574
