method,h,lp_norm,inside_cells,inside_cells_by_dim,all_err,full_err,cut_err,empty_err,pair_order_all,pair_order_full,pair_order_cut
GibouFedkiw_Poisson2D,0.125,L^2,34,"[8, 8]",0.2178171300303151,0.12224328292566933,0.18028000974649955,0.0,NaN,NaN,NaN
GibouFedkiw_Poisson2D,0.0625,L^2,203,"[16, 16]",0.22242759801169076,0.17143770789679036,0.14171502626166738,0.0,-0.030218385591535907,-0.4879292730295177,0.3472466956274088
GibouFedkiw_Poisson2D,0.03125,L^2,912,"[32, 32]",0.22370937984650432,0.19453041769484913,0.11047082521089033,0.0,-0.008289944463386592,-0.1823112928776575,0.3593273261174808
