method,h,lp_norm,inside_cells,inside_cells_by_dim,all_err,full_err,cut_err,empty_err,pair_order_all,pair_order_full,pair_order_cut
TwoRingDiffusion,0.125,L^2,168,[168],0.057992388428812824,0.04967815319913476,0.029919863141424925,0.0,NaN,NaN,NaN
TwoRingDiffusion,0.0625,L^2,760,[760],0.056431912507715315,0.05281277398049554,0.019883954681187765,0.0,0.039352313077222395,-0.08827537875444583,0.5894988558496347
TwoRingDiffusion,0.03125,L^2,3128,[3128],0.05619741487610671,0.05391516636813416,0.015852579419566845,0.0,0.0060074772161097766,-0.02980424036473017,0.326887115662123
