method,h,lp_norm,inside_cells,inside_cells_phase1,inside_cells_phase2,inside_cells_by_dim,all_err,full_err,cut_err,empty_err,phase1_all_err,phase1_full_err,phase1_cut_err,phase1_empty_err,phase2_all_err,phase2_full_err,phase2_cut_err,phase2_empty_err,pair_order_all,pair_order_full,pair_order_cut
Heat_2ph_2D_phase_custom_He0.03333333333333333_Ratio100.0,1.0,L^2,56,1,55,"[1, 55]",0.009423837817399932,0.005325203851916565,0.007775019173236172,0.0,0.009423837817399932,0.005325203851916565,0.007775019173236172,0.0,0.0009356986597993315,0.0005055118465045018,0.0007873942817889106,0.0,NaN,NaN,NaN
Heat_2ph_2D_phase_custom_He0.03333333333333333_Ratio100.0,0.5,L^2,240,5,235,"[5, 235]",0.0017415126467652184,0.0010934018661620563,0.001355484657942143,0.0,0.0017415126467652184,0.0010934018661620563,0.001355484657942143,0.0,0.00025895104068082036,0.00024097474419514613,9.479880869380015e-5,0.0,2.43597376112124,2.284013010635219,2.520037448821662
Heat_2ph_2D_phase_custom_He0.03333333333333333_Ratio100.0,0.25,L^2,992,37,955,"[37, 955]",8.176300450266412e-5,7.921155154937945e-5,4.158311318041977e-5,0.0,0.0009807162218412697,0.0006498467888969544,4.158311318041977e-5,0.0,8.100887970238172e-5,7.921155154937945e-5,1.6969640295980197e-5,0.0,4.412748928291237,3.786969096533481,5.026667202185754
Heat_2ph_2D_phase_custom_He0.03333333333333333_Ratio100.0,0.125,L^2,4032,177,3855,"[177, 3855]",0.000219919796917321,0.0002062917116318526,7.621316676373095e-5,0.0,0.000219919796917321,0.0002062917116318526,7.621316676373095e-5,0.0,3.255566370324412e-5,3.2283788802692946e-5,4.198597349335112e-6,0.0,-1.4274573633945322,-1.38090311660523,-0.8740424908894847
Heat_2ph_2D_phase_custom_He0.03333333333333333_Ratio100.0,0.0625,L^2,16256,749,15507,"[749, 15507]",0.00017885672027654958,0.000172591383896933,4.692483982525042e-5,0.0,0.00017885672027654958,0.000172591383896933,4.692483982525042e-5,0.0,1.966098531704667e-5,1.957297344727666e-5,1.8582395080634311e-6,0.0,0.29817315323973503,0.2573254138028671,0.6996884420744636
