method,h,lp_norm,inside_cells,inside_cells_phase1,inside_cells_phase2,inside_cells_by_dim,all_err,full_err,cut_err,empty_err,phase1_all_err,phase1_full_err,phase1_cut_err,phase1_empty_err,phase2_all_err,phase2_full_err,phase2_cut_err,phase2_empty_err,pair_order_all,pair_order_full,pair_order_cut
Heat_2ph_2D_phase_custom_He0.03333333333333333_Ratio100.0,1.0,L^2,248,1,247,"[1, 247]",0.012632287979541232,0.007135284776373459,0.010424126378652317,0.0,0.012632287979541232,0.007135284776373459,0.010424126378652317,0.0,0.0005160204374740922,0.000315759003040188,0.0004081339778675872,0.0,NaN,NaN,NaN
Heat_2ph_2D_phase_custom_He0.03333333333333333_Ratio100.0,0.5,L^2,1008,7,1001,"[7, 1001]",0.0036053038625984504,0.0026926634052998576,0.0023974527581218947,0.0,0.0036053038625984504,0.0026926634052998576,0.0023974527581218947,0.0,0.00015082552113953568,0.0001379729084299803,6.09246613973751e-5,0.0,1.8089232028719067,1.4059371123347115,2.1203521875937725
Heat_2ph_2D_phase_custom_He0.03333333333333333_Ratio100.0,0.25,L^2,4064,36,4028,"[36, 4028]",0.0009384082786312367,0.0007942186326590745,0.0004998268309532721,0.0,0.0009384082786312367,0.0007942186326590745,0.0004998268309532721,0.0,3.9831823492669704e-5,3.875487496821995e-5,9.199664610671052e-6,0.0,1.941833211984568,1.7614257853973574,2.2620021339702547
Heat_2ph_2D_phase_custom_He0.03333333333333333_Ratio100.0,0.125,L^2,16320,170,16150,"[170, 16150]",0.00020692362790187448,0.00019026916461325403,8.133285179709264e-5,0.0,0.00020692362790187448,0.00019026916461325403,8.133285179709264e-5,0.0,9.586072505676618e-6,9.370835985889702e-6,2.0199551999101e-6,0.0,2.1811173498480168,2.061494432789299,2.619518242565805
Heat_2ph_2D_phase_custom_He0.03333333333333333_Ratio100.0,0.0625,L^2,65408,739,64669,"[739, 64669]",3.438859449059927e-5,3.29731009430147e-5,9.764734775744711e-6,0.0,3.438859449059927e-5,3.29731009430147e-5,9.764734775744711e-6,0.0,2.5665769910684777e-6,2.418275798909754e-6,8.5980207692789e-7,0.0,2.5890963337786728,2.528680298402701,3.0581854363309144
Heat_2ph_2D_phase_custom_He0.03333333333333333_Ratio100.0,0.03125,L^2,261888,3092,258796,"[3092, 258796]",1.0651697024753891e-5,1.064733111412174e-5,3.049420492584747e-7,0.0,8.521321248352701e-7,8.296865125360862e-7,1.942921745515742e-7,0.0,1.0651697024753891e-5,1.064733111412174e-5,3.049420492584747e-7,0.0,1.6908468536817571,1.6307977247832264,5.000973852791538
