method,h,lp_norm,inside_cells,inside_cells_phase1,inside_cells_phase2,inside_cells_by_dim,all_err,full_err,cut_err,empty_err,phase1_all_err,phase1_full_err,phase1_cut_err,phase1_empty_err,phase2_all_err,phase2_full_err,phase2_cut_err,phase2_empty_err,pair_order_all,pair_order_full,pair_order_cut
Heat_2ph_2D_ratio100.0_He1.0_Dl1.0,2.0,L^2,8,1,7,"[1, 7]",0.6459380672764915,0.3671487769259138,0.5314487391637079,0.0,0.6459380672764915,0.3671487769259138,0.5314487391637079,0.0,0.06201883304713679,0.01620230242807196,0.05986502358270579,0.0,NaN,NaN,NaN
Heat_2ph_2D_ratio100.0_He1.0_Dl1.0,1.0,L^2,48,5,43,"[5, 43]",0.33946718510515633,0.21593479816245456,0.2619353597851166,0.0,0.33946718510515633,0.21593479816245456,0.2619353597851166,0.0,0.09112119212544281,0.0893052166035793,0.01810110332962175,0.0,0.9281237237224499,0.7657690397611473,1.0207197149900962
Heat_2ph_2D_ratio100.0_He1.0_Dl1.0,0.5,L^2,224,37,187,"[37, 187]",0.10937192399233939,0.09455055805501215,0.05497644704118154,0.0,0.10937192399233939,0.09455055805501215,0.05497644704118154,0.0,0.04066215700430102,0.03949416890498346,0.009675827341734859,0.0,1.634029679079092,1.1914378758358153,2.2523252504381275
Heat_2ph_2D_ratio100.0_He1.0_Dl1.0,0.25,L^2,960,177,783,"[177, 783]",0.0504532325332709,0.04759557455060381,0.016738875597071018,0.0,0.0504532325332709,0.04759557455060381,0.016738875597071018,0.0,0.023274849501161994,0.022710908366491374,0.005092470959227241,0.0,1.116223832018302,0.9902585356611552,1.7156110521379018
Heat_2ph_2D_ratio100.0_He1.0_Dl1.0,0.125,L^2,3968,749,3219,"[749, 3219]",0.009229889246793757,0.00891539942368267,0.002388829969729488,0.0,0.009229889246793757,0.00891539942368267,0.002388829969729488,0.0,0.004479365033403717,0.004431016786993543,0.0006563545808945956,0.0,2.4505614640102684,2.4164560982140557,2.8088265452364727
Heat_2ph_2D_ratio100.0_He1.0_Dl1.0,0.0625,L^2,16128,3101,13027,"[3101, 13027]",0.00374497705827887,0.00368171442270221,0.0006854429784464811,0.0,0.00374497705827887,0.00368171442270221,0.0006854429784464811,0.0,0.0018344952405824843,0.0018170043042546498,0.0002527214791818526,0.0,1.30135645572411,1.2759217078862535,1.8011956111786283
