method,h,lp_norm,inside_cells,inside_cells_phase1,inside_cells_phase2,inside_cells_by_dim,all_err,full_err,cut_err,empty_err,phase1_all_err,phase1_full_err,phase1_cut_err,phase1_empty_err,phase2_all_err,phase2_full_err,phase2_cut_err,phase2_empty_err,pair_order_all,pair_order_full,pair_order_cut
Heat_2ph_2D_He0.01_Dl1.0,2.0,L^2,8,1,7,"[1, 7]",0.030087996432819925,0.01630085596688888,0.025289713800043835,0.0,0.030087996432819925,0.01630085596688888,0.025289713800043835,0.0,0.0017962721506081076,0.0005481159574657157,0.00171060297445717,0.0,NaN,NaN,NaN
Heat_2ph_2D_He0.01_Dl1.0,1.0,L^2,48,5,43,"[5, 43]",0.009023735650529233,0.0058802650115352085,0.006844727056994095,0.0,0.009023735650529233,0.0058802650115352085,0.006844727056994095,0.0,0.0018580905629707115,0.0016019742447717278,0.0009413708404708899,0.0,1.737391330591998,1.4709946421948017,1.8854857920541779
Heat_2ph_2D_He0.01_Dl1.0,0.5,L^2,224,37,187,"[37, 187]",0.0020251407234909346,0.0018006123313038245,0.0009268172324131612,0.0,0.0020251407234909346,0.0018006123313038245,0.0009268172324131612,0.0,0.0005885332943568947,0.0005737933547491198,0.00013089165218733358,0.0,2.155702642904315,1.7073935708972028,2.884636239410143
Heat_2ph_2D_He0.01_Dl1.0,0.25,L^2,960,177,783,"[177, 783]",0.0008742088604815763,0.0008545345841865482,0.00018442281901548638,0.0,0.0008742088604815763,0.0008545345841865482,0.00018442281901548638,0.0,0.0002984804971626071,0.00029555179830895265,4.171021101338754e-5,0.0,1.2119722561954762,1.0752768189063524,2.329267694194747
Heat_2ph_2D_He0.01_Dl1.0,0.125,L^2,3968,749,3219,"[749, 3219]",0.00014201127414361833,0.00013963134030190529,2.5889974688814206e-5,0.0,0.00014201127414361833,0.00013963134030190529,2.5889974688814206e-5,0.0,4.908225132784672e-5,4.8777175327241085e-5,5.46393287893387e-6,0.0,2.621972532029793,2.6135160896433183,2.8325517145336887
Heat_2ph_2D_He0.01_Dl1.0,0.0625,L^2,16128,3101,13027,"[3101, 13027]",5.977841774258136e-5,5.935833814289147e-5,7.074384829843436e-6,0.0,5.977841774258136e-5,5.935833814289147e-5,7.074384829843436e-6,0.0,2.1414901222357573e-5,2.1372393291169398e-5,1.3486287001650626e-6,0.0,1.248308852138805,1.2341001848244888,1.8717169493037344
