method,h,lp_norm,inside_cells,inside_cells_phase1,inside_cells_phase2,inside_cells_by_dim,all_err,full_err,cut_err,empty_err,phase1_all_err,phase1_full_err,phase1_cut_err,phase1_empty_err,phase2_all_err,phase2_full_err,phase2_cut_err,phase2_empty_err,pair_order_all,pair_order_full,pair_order_cut
Heat_2ph_2D_ratio10000.0_He1.0_Dl1.0,2.0,L^2,8,1,7,"[1, 7]",0.3758663221038068,0.212078048261684,0.3103198245961052,0.0,0.3758663221038068,0.212078048261684,0.3103198245961052,0.0,0.046314974310840626,0.014223486389802406,0.044076856516009996,0.0,NaN,NaN,NaN
Heat_2ph_2D_ratio10000.0_He1.0_Dl1.0,1.0,L^2,48,5,43,"[5, 43]",0.17893306134740117,0.11287951107834424,0.1388353572468728,0.0,0.17893306134740117,0.11287951107834424,0.1388353572468728,0.0,0.05946012695772601,0.058286513255292174,0.011755384739324597,0.0,1.0707996767852026,0.9098116541334392,1.1603808391820025
Heat_2ph_2D_ratio10000.0_He1.0_Dl1.0,0.5,L^2,224,37,187,"[37, 187]",0.062237352199364944,0.05339849226916048,0.031970127184110575,0.0,0.062237352199364944,0.05339849226916048,0.031970127184110575,0.0,0.030365805724454447,0.028683544851631118,0.009966765374973766,0.0,1.5235673885498051,1.0799127317850288,2.1185786377404625
Heat_2ph_2D_ratio10000.0_He1.0_Dl1.0,0.25,L^2,960,177,783,"[177, 783]",0.017061167487107017,0.016007788796221945,0.005902044889584338,0.0,0.017061167487107017,0.016007788796221945,0.005902044889584338,0.0,0.010290342375656214,0.009858794539546587,0.00294878219528543,0.0,1.8670643112678798,1.7380249695011987,2.4374376847560018
Heat_2ph_2D_ratio10000.0_He1.0_Dl1.0,0.125,L^2,3968,749,3219,"[749, 3219]",0.004440555958302533,0.004285311423595991,0.0011638914131540902,0.0,0.004440555958302533,0.004285311423595991,0.0011638914131540902,0.0,0.00284488851244707,0.0028090526649343817,0.0004501263976688655,0.0,1.9419041542883437,1.9013020805522731,2.3422584273036966
Heat_2ph_2D_ratio10000.0_He1.0_Dl1.0,0.0625,L^2,16128,3101,13027,"[3101, 13027]",0.0011186235160465159,0.0010982698926416063,0.00021241895765035702,0.0,0.0011186235160465159,0.0010982698926416063,0.00021241895765035702,0.0,0.0007998892630179438,0.0007961213940598049,7.754714057695521e-5,0.0,1.9890157489965326,1.96416742138682,2.4539720338156847
