method,h,lp_norm,inside_cells,inside_cells_phase1,inside_cells_phase2,inside_cells_by_dim,all_err,full_err,cut_err,empty_err,phase1_all_err,phase1_full_err,phase1_cut_err,phase1_empty_err,phase2_all_err,phase2_full_err,phase2_cut_err,phase2_empty_err,pair_order_all,pair_order_full,pair_order_cut
Heat_2ph_2D_ratio1.0e6_He1.0_Dl1.0,2.0,L^2,8,1,7,"[1, 7]",0.643476796158176,0.363042740607267,0.531283686636768,0.0,0.643476796158176,0.363042740607267,0.531283686636768,0.0,0.06238373846473403,0.013054174883841484,0.061002617508910374,0.0,NaN,NaN,NaN
Heat_2ph_2D_ratio1.0e6_He1.0_Dl1.0,1.0,L^2,48,5,43,"[5, 43]",0.33845681966891933,0.21349302254528632,0.26262853634911276,0.0,0.33845681966891933,0.21349302254528632,0.26262853634911276,0.0,0.08927303994487755,0.08743643651319893,0.01801513893571278,0.0,0.9269163391827234,0.7659504851143665,1.016458731506875
Heat_2ph_2D_ratio1.0e6_He1.0_Dl1.0,0.5,L^2,224,37,187,"[37, 187]",0.10956918200290833,0.09400581592437779,0.05628776258813674,0.0,0.10956918200290833,0.09400581592437779,0.05628776258813674,0.0,0.03950974527943918,0.03839343131655076,0.0093254707005848,0.0,1.6271297110094285,1.1833669990453184,2.222130475210213
Heat_2ph_2D_ratio1.0e6_He1.0_Dl1.0,0.25,L^2,960,177,783,"[177, 783]",0.05074391030477589,0.04761082788081693,0.017554301510523455,0.0,0.05074391030477589,0.04761082788081693,0.017554301510523455,0.0,0.022844351920079022,0.022172189875250724,0.005500764563608161,0.0,1.1105354731725554,0.9814603003739228,1.6809967106907588
Heat_2ph_2D_ratio1.0e6_He1.0_Dl1.0,0.125,L^2,3968,749,3219,"[749, 3219]",0.009826604369203925,0.009483084055525167,0.0025755135846471456,0.0,0.009826604369203925,0.009483084055525167,0.0025755135846471456,0.0,0.005993872747203596,0.005942990613330826,0.000779341439634559,0.0,2.3684698196443414,2.3278614866166145,2.768892537465808
Heat_2ph_2D_ratio1.0e6_He1.0_Dl1.0,0.0625,L^2,16128,3101,13027,"[3101, 13027]",0.004892394712665137,0.004881172620763433,0.0008301365398094356,0.0,0.004371832984353661,0.004292295070047707,0.0008301365398094356,0.0,0.004892394712665137,0.004881172620763433,0.0003311795144981568,0.0,1.0061521689087147,0.9581285507034322,1.6334395958856522
