method,h,lp_norm,inside_cells,inside_cells_phase1,inside_cells_phase2,inside_cells_by_dim,all_err,full_err,cut_err,empty_err,phase1_all_err,phase1_full_err,phase1_cut_err,phase1_empty_err,phase2_all_err,phase2_full_err,phase2_cut_err,phase2_empty_err,pair_order_all,pair_order_full,pair_order_cut
Heat_2ph_2D_He0.1_Dl1.0,2.0,L^2,8,1,7,"[1, 7]",0.22932118697088233,0.1267881303052639,0.19108369058459646,0.0,0.22932118697088233,0.1267881303052639,0.19108369058459646,0.0,0.01292267860075361,0.004282592409965004,0.012192416678759196,0.0,NaN,NaN,NaN
Heat_2ph_2D_He0.1_Dl1.0,1.0,L^2,48,5,43,"[5, 43]",0.07694715530153524,0.050912357090133045,0.057695724317538166,0.0,0.07694715530153524,0.050912357090133045,0.057695724317538166,0.0,0.01578983783868473,0.013943410881629,0.007409471773212315,0.0,1.575429754659514,1.3163319243454277,1.7276683328513531
Heat_2ph_2D_He0.1_Dl1.0,0.5,L^2,224,37,187,"[37, 187]",0.017903006986947793,0.016042593278291686,0.007946877379324039,0.0,0.017903006986947793,0.016042593278291686,0.007946877379324039,0.0,0.0052413849899216975,0.005129198062781358,0.0010786305416297217,0.0,2.103666069082887,1.6661084879452255,2.8600044195315184
Heat_2ph_2D_He0.1_Dl1.0,0.25,L^2,960,177,783,"[177, 783]",0.00782189932282321,0.007658437648496055,0.001590736244787423,0.0,0.00782189932282321,0.007658437648496055,0.001590736244787423,0.0,0.00267435645972922,0.0026523412305982214,0.0003424448425135411,0.0,1.1946110506342735,1.0667853598782082,2.320693437196866
Heat_2ph_2D_He0.1_Dl1.0,0.125,L^2,3968,749,3219,"[749, 3219]",0.0012699193662880936,0.0012515952178468578,0.00021495257043457373,0.0,0.0012699193662880936,0.0012515952178468578,0.00021495257043457373,0.0,0.0004422241880841675,0.00043944193161651635,4.952798465358929e-5,0.0,2.622782071206434,2.613282055299262,2.8876043790567856
Heat_2ph_2D_He0.1_Dl1.0,0.0625,L^2,16128,3101,13027,"[3101, 13027]",0.0005368715796768861,0.0005333564731591,6.133486450658511e-5,0.0,0.0005368715796768861,0.0005333564731591,6.133486450658511e-5,0.0,0.00019283377465153633,0.00019249879096823631,1.136134332405061e-5,0.0,1.2420879555641744,1.2305960538923826,1.809239080706956
