method,h,lp_norm,inside_cells,inside_cells_phase1,inside_cells_phase2,inside_cells_by_dim,all_err,full_err,cut_err,empty_err,phase1_all_err,phase1_full_err,phase1_cut_err,phase1_empty_err,phase2_all_err,phase2_full_err,phase2_cut_err,phase2_empty_err,pair_order_all,pair_order_full,pair_order_cut
Heat_2ph_2D_He10.0_Dl1.0,2.0,L^2,8,1,7,"[1, 7]",0.7097265970536024,0.46998349614632573,0.5318151520174684,0.0,0.7097265970536024,0.46998349614632573,0.5318151520174684,0.0,0.07212301259825252,0.015911162265681737,0.07034602946579742,0.0,NaN,NaN,NaN
Heat_2ph_2D_He10.0_Dl1.0,1.0,L^2,48,5,43,"[5, 43]",0.4524738198788658,0.33335627741283175,0.30595122157826316,0.0,0.4524738198788658,0.33335627741283175,0.30595122157826316,0.0,0.13984128201555981,0.10299295574736973,0.09459405489868628,0.0,0.649429052130231,0.4955452015892443,0.7976232223359742
Heat_2ph_2D_He10.0_Dl1.0,0.5,L^2,224,37,187,"[37, 187]",0.12940110906339558,0.12441758563572022,0.05265807520193227,0.0,0.12940110906339558,0.12441758563572022,0.03556559308397686,0.0,0.06940733295810379,0.04521620267542074,0.05265807520193227,0.0,1.8059843379715015,1.4218744790134568,2.538574966492289
Heat_2ph_2D_He10.0_Dl1.0,0.25,L^2,960,177,783,"[177, 783]",0.06181059954924792,0.06131744138581561,0.013324117018220786,0.0,0.06181059954924792,0.06131744138581561,0.007792406466205055,0.0,0.02713883361146602,0.023642846602632175,0.013324117018220786,0.0,1.065923818299291,1.0208210121364023,1.982614858300779
Heat_2ph_2D_He10.0_Dl1.0,0.125,L^2,3968,749,3219,"[749, 3219]",0.010363881470630146,0.010233350409302193,0.0056009516575544465,0.0,0.010363881470630146,0.010233350409302193,0.00163968854899504,0.0,0.007603996784487035,0.005142966811892456,0.0056009516575544465,0.0,2.576289837989168,2.583018936173449,1.2502960481711076
Heat_2ph_2D_He10.0_Dl1.0,0.0625,L^2,16128,3101,13027,"[3101, 13027]",0.004417767331466696,0.004407067793647922,0.0003072810719285985,0.0,0.004417767331466696,0.004407067793647922,0.0003072810719285985,0.0,0.001677420529716295,0.0016641398751075576,0.00021066112501052546,0.0,1.2301750769017643,1.2153875674557277,4.188041169431262
