method,h,lp_norm,inside_cells,inside_cells_phase1,inside_cells_phase2,inside_cells_by_dim,all_err,full_err,cut_err,empty_err,phase1_all_err,phase1_full_err,phase1_cut_err,phase1_empty_err,phase2_all_err,phase2_full_err,phase2_cut_err,phase2_empty_err,pair_order_all,pair_order_full,pair_order_cut
Heat_2ph_2D_He100.0_Dl1.0,2.0,L^2,8,1,7,"[1, 7]",0.7136254681322932,0.47913357259156775,0.5288594599538478,0.0,0.7136254681322932,0.47913357259156775,0.5288594599538478,0.0,0.0840610849881665,0.016232963130138105,0.08247882708552134,0.0,NaN,NaN,NaN
Heat_2ph_2D_He100.0_Dl1.0,1.0,L^2,48,5,43,"[5, 43]",0.47426654049742506,0.3508374334333111,0.3191266938651837,0.0,0.47426654049742506,0.3508374334333111,0.3191266938651837,0.0,0.17835032533002015,0.11542765656167675,0.13596063638422567,0.0,0.5894690137384025,0.44962521798717514,0.7287550987349611
Heat_2ph_2D_He100.0_Dl1.0,0.5,L^2,224,37,187,"[37, 187]",0.13777255436553884,0.13309655338917484,0.07926409735689333,0.0,0.13777255436553884,0.13309655338917484,0.03558910243779534,0.0,0.09462649390535766,0.05168535787839358,0.07926409735689333,0.0,1.7834095721145515,1.3983294754432973,2.009389839395119
Heat_2ph_2D_He100.0_Dl1.0,0.25,L^2,960,177,783,"[177, 783]",0.06611437267074179,0.0656927638265984,0.026728049629897534,0.0,0.06611437267074179,0.0656927638265984,0.0074545995511828105,0.0,0.03858648878879718,0.02783035177696654,0.026728049629897534,0.0,1.0592526778802116,1.0186668433087689,1.5683129790502235
Heat_2ph_2D_He100.0_Dl1.0,0.125,L^2,3968,749,3219,"[749, 3219]",0.01632216368751297,0.011039501711437263,0.014469150837973685,0.0,0.011104262809634753,0.011039501711437263,0.0011975201495638,0.0,0.01632216368751297,0.0075535886484460165,0.014469150837973685,0.0,2.018131619229843,2.5730594090588705,0.8853743108356296
Heat_2ph_2D_He100.0_Dl1.0,0.0625,L^2,16128,3101,13027,"[3101, 13027]",0.004762322478258247,0.004753246550589311,0.00029459157306764084,0.0,0.004762322478258247,0.004753246550589311,0.0002938751711774183,0.0,0.002018382127591359,0.00199676794296627,0.00029459157306764084,0.0,1.7770950951472078,1.2156899136543289,5.618120283606263
