method,h,lp_norm,inside_cells,inside_cells_phase1,inside_cells_phase2,inside_cells_by_dim,all_err,full_err,cut_err,empty_err,phase1_all_err,phase1_full_err,phase1_cut_err,phase1_empty_err,phase2_all_err,phase2_full_err,phase2_cut_err,phase2_empty_err,pair_order_all,pair_order_full,pair_order_cut
Heat_2ph_2D_He1.0_Dl1.0,2.0,L^2,8,1,7,"[1, 7]",0.6285984861785182,0.38240335557452987,0.4989025260221323,0.0,0.6285984861785182,0.38240335557452987,0.4989025260221323,0.0,0.038174902272648366,0.013117823378701703,0.035850325986404086,0.0,NaN,NaN,NaN
Heat_2ph_2D_He1.0_Dl1.0,1.0,L^2,48,5,43,"[5, 43]",0.31337127808298587,0.22058507017068316,0.22258433176025405,0.0,0.31337127808298587,0.22058507017068316,0.22258433176025405,0.0,0.06751757272363904,0.062081323265859,0.02654302032647755,0.0,1.0042658415296424,0.7937600344656254,1.1644059324334937
Heat_2ph_2D_He1.0_Dl1.0,0.5,L^2,224,37,187,"[37, 187]",0.08278170858998904,0.07683761888030012,0.030802460971221274,0.0,0.08278170858998904,0.07683761888030012,0.030802460971221274,0.0,0.02699266744069615,0.025217046520385925,0.00962832593718712,0.0,1.9204890254555442,1.521450431345254,2.853234516362956
Heat_2ph_2D_He1.0_Dl1.0,0.25,L^2,960,177,783,"[177, 783]",0.03801827407215647,0.03748840284387799,0.006325252219534467,0.0,0.03801827407215647,0.03748840284387799,0.006325252219534467,0.0,0.013250384496219264,0.01316182552123664,0.001529391462697418,0.0,1.1226189866933565,1.0353684496956144,2.283850706493511
Heat_2ph_2D_He1.0_Dl1.0,0.125,L^2,3968,749,3219,"[749, 3219]",0.006247392216343853,0.006178999155493002,0.0009218887900666282,0.0,0.006247392216343853,0.006178999155493002,0.0009218887900666282,0.0,0.0022885887812183836,0.002260484880735899,0.000357556587805424,0.0,2.6053670275586205,2.6009992809727653,2.7784583783756847
Heat_2ph_2D_He1.0_Dl1.0,0.0625,L^2,16128,3101,13027,"[3101, 13027]",0.0026667167785952932,0.0026549538839637475,0.0002501964253690815,0.0,0.0026667167785952932,0.0026549538839637475,0.0002501964253690815,0.0,0.0009710741992750127,0.000969514395217228,5.501761503537197e-5,0.0,1.2281894961992588,1.2186863743495737,1.881531547516851
