method,h,lp_norm,inside_cells,inside_cells_phase1,inside_cells_phase2,inside_cells_by_dim,all_err,full_err,cut_err,empty_err,phase1_all_err,phase1_full_err,phase1_cut_err,phase1_empty_err,phase2_all_err,phase2_full_err,phase2_cut_err,phase2_empty_err,pair_order_all,pair_order_full,pair_order_cut
Heat_2ph_2D_phase_custom_He0.03333333333333333_Ratio100.0,1.0,L^2,56,1,55,"[1, 55]",0.012003347722127116,0.006779770727825068,0.009905304912844458,0.0,0.012003347722127116,0.006779770727825068,0.009905304912844458,0.0,0.0009827786387439999,0.0006100582273262293,0.0007705081518342863,0.0,NaN,NaN,NaN
Heat_2ph_2D_phase_custom_He0.03333333333333333_Ratio100.0,0.5,L^2,240,5,235,"[5, 235]",0.0030954999036602203,0.001946757199624781,0.0024067106305639473,0.0,0.0030954999036602203,0.001946757199624781,0.0024067106305639473,0.0,0.0002643873760346729,0.0002494870421525441,8.750371651806736e-5,0.0,1.955192508718998,1.800163524679338,2.041138695315094
Heat_2ph_2D_phase_custom_He0.03333333333333333_Ratio100.0,0.25,L^2,992,37,955,"[37, 955]",0.0007646939578903902,0.0006562816876105655,0.00039249356140081825,0.0,0.0007646939578903902,0.0006562816876105655,0.00039249356140081825,0.0,7.243306240438417e-5,7.08263665405542e-5,1.5171497353276435e-5,0.0,2.0172180343708566,1.5686858788462141,2.6163217978044657
Heat_2ph_2D_phase_custom_He0.03333333333333333_Ratio100.0,0.125,L^2,4032,177,3855,"[177, 3855]",0.00012297374198111245,0.00011541863242395145,4.243913884873267e-5,0.0,0.00012297374198111245,0.00011541863242395145,4.243913884873267e-5,0.0,1.937953458362448e-5,1.8986917622262325e-5,3.881149299282525e-6,0.0,2.636532178501557,2.5074390358168617,3.209201700431922
Heat_2ph_2D_phase_custom_He0.03333333333333333_Ratio100.0,0.0625,L^2,16256,749,15507,"[749, 15507]",1.1872489516202788e-5,1.1700575314825187e-5,2.01309329501861e-6,0.0,7.129737924719111e-6,6.868901295414737e-6,1.9108526549757207e-6,0.0,1.1872489516202788e-5,1.1700575314825187e-5,2.01309329501861e-6,0.0,3.372655909033246,3.3022247682942685,4.397909442848898
Heat_2ph_2D_phase_custom_He0.03333333333333333_Ratio100.0,0.03125,L^2,65280,3101,62179,"[3101, 62179]",2.103587517031094e-5,2.0652290589117193e-5,3.998867039995885e-6,0.0,2.103587517031094e-5,2.0652290589117193e-5,3.998867039995885e-6,0.0,1.1200627902275165e-5,1.1190817471732299e-5,4.6868936364725034e-7,0.0,-0.825229358562019,-0.8197223343053364,-0.9901772789468292
